dateid01,dateid,a072rc1q156sbea,b069rc1q027sbea,b703rc1q027sbea,cpiaucsl,dgs3,dpcerd3q086sbea,dpi,dpic96,dprime,fygfdpun,hnonwrq027s,hnotasq027s,hnotfaq027s,hnotolq027s,irltlt01usq156n,pcdg,pcec,pcecc96,pcesv,pincome,rpi,unrate,ussthpi,w211rc1q027sbea,w986rc1q027sbea
1945-01-01,1945-03-31 23:59:59.999,NA,NA,NA,NA,NA,NA,NA,NA,NA,NA,NA,NA,NA,NA,NA,NA,NA,NA,NA,NA,NA,NA,NA,NA,NA
1945-04-01,1945-06-30 23:59:59.999,NA,NA,NA,NA,NA,NA,NA,NA,NA,NA,NA,NA,NA,NA,NA,NA,NA,NA,NA,NA,NA,NA,NA,NA,NA
1945-07-01,1945-09-30 23:59:59.999,NA,NA,NA,NA,NA,NA,NA,NA,NA,NA,NA,NA,NA,NA,NA,NA,NA,NA,NA,NA,NA,NA,NA,NA,NA
1945-10-01,1945-12-31 23:59:59.999,NA,NA,NA,NA,NA,NA,NA,NA,NA,NA,767255.9,797839.9,608512.9,30584.0,NA,NA,NA,NA,NA,NA,NA,NA,NA,NA,NA
1946-01-01,1946-03-31 23:59:59.999,NA,NA,NA,NA,NA,NA,NA,NA,NA,NA,NA,NA,NA,NA,NA,NA,NA,NA,NA,NA,NA,NA,NA,NA,NA
1946-04-01,1946-06-30 23:59:59.999,NA,NA,NA,NA,NA,NA,NA,NA,NA,NA,NA,NA,NA,NA,NA,NA,NA,NA,NA,NA,NA,NA,NA,NA,NA
1946-07-01,1946-09-30 23:59:59.999,NA,NA,NA,NA,NA,NA,NA,NA,NA,NA,NA,NA,NA,NA,NA,NA,NA,NA,NA,NA,NA,NA,NA,NA,NA
1946-10-01,1946-12-31 23:59:59.999,NA,NA,NA,NA,NA,NA,NA,NA,NA,NA,843385.8,880826.8,660110.8,37441.0,NA,NA,NA,NA,NA,NA,NA,NA,NA,NA,NA
1947-01-01,1947-03-31 23:59:59.999,7.5,0.9,6.0,22.000,NA,13.030,171.0,1312.3,NA,NA,NA,NA,NA,NA,NA,20.7,156.3,1199.4,60.7,190.2,NA,NA,NA,0.9,12.9
1947-04-01,1947-06-30 23:59:59.999,5.0,0.9,6.3,22.080,NA,13.135,170.4,1297.4,NA,NA,NA,NA,NA,NA,NA,21.4,160.2,1219.3,61.9,189.9,NA,NA,NA,0.8,8.5
1947-07-01,1947-09-30 23:59:59.999,7.0,1.0,6.5,22.840,NA,13.380,178.0,1330.7,NA,NA,NA,NA,NA,NA,NA,21.8,163.7,1223.3,63.2,197.8,NA,NA,NA,0.9,12.5
1947-10-01,1947-12-31 23:59:59.999,5.7,1.0,6.4,23.410,NA,13.713,179.8,1311.5,NA,NA,940917.7,987385.7,706570.7,46468.0,NA,23.5,167.8,1223.6,64.3,200.6,NA,NA,NA,0.9,10.2
1948-01-01,1948-03-31 23:59:59.999,6.9,1.2,7.0,23.500,NA,13.865,185.4,1337.3,NA,NA,NA,NA,NA,NA,NA,23.5,170.5,1229.8,65.4,206.6,NA,4.0,NA,1.0,12.8
1948-04-01,1948-06-30 23:59:59.999,8.6,1.3,6.7,24.150,NA,14.008,193.2,1379.1,NA,NA,NA,NA,NA,NA,NA,24.0,174.3,1244.1,67.1,212.1,NA,3.6,NA,1.0,16.7
1948-07-01,1948-09-30 23:59:59.999,10.0,1.3,7.1,24.360,NA,14.223,199.4,1401.7,NA,NA,NA,NA,NA,NA,NA,25.3,177.2,1245.9,68.5,217.6,NA,3.8,NA,0.9,19.9
1948-10-01,1948-12-31 23:59:59.999,9.8,1.4,7.4,24.050,NA,14.179,199.9,1409.5,NA,NA,992509.4,1047618.4,733931.4,55109.0,NA,25.0,178.1,1255.8,69.4,218.3,NA,4.0,NA,0.9,19.5
1949-01-01,1949-03-31 23:59:59.999,7.8,1.4,7.2,23.910,NA,14.069,194.4,1381.8,NA,NA,NA,NA,NA,NA,NA,24.4,177.0,1257.9,69.8,212.2,NA,5.0,NA,0.9,15.2
1949-04-01,1949-06-30 23:59:59.999,6.8,1.5,7.2,23.920,NA,13.983,194.2,1388.6,NA,NA,NA,NA,NA,NA,NA,26.4,178.6,1277.1,70.3,211.2,NA,6.2,NA,0.8,13.2
1949-07-01,1949-09-30 23:59:59.999,7.2,1.6,7.1,23.750,NA,13.902,194.3,1397.5,NA,NA,NA,NA,NA,NA,NA,27.3,177.9,1280.0,70.4,210.6,NA,6.6,NA,0.8,13.9
1949-10-01,1949-12-31 23:59:59.999,6.3,1.7,7.4,23.610,NA,13.889,195.2,1405.4,NA,NA,1034131.3,1097540.3,757469.3,63409.0,NA,28.4,180.4,1298.8,71.1,211.0,NA,6.6,NA,0.8,12.3
1950-01-01,1950-03-31 23:59:59.999,11.5,1.8,8.3,23.640,NA,13.864,209.9,1513.7,NA,NA,NA,NA,NA,NA,NA,29.3,183.1,1320.4,72.3,226.5,NA,6.3,NA,0.8,24.2
1950-04-01,1950-06-30 23:59:59.999,9.8,2.0,8.4,23.880,NA,13.930,210.2,1509.2,NA,NA,NA,NA,NA,NA,NA,29.8,187.0,1342.1,74.4,227.8,NA,5.4,NA,0.8,20.6
1950-07-01,1950-09-30 23:59:59.999,6.3,2.1,9.2,24.340,NA,14.221,217.3,1528.1,NA,NA,NA,NA,NA,NA,NA,37.4,200.7,1411.0,76.7,236.2,NA,4.4,NA,0.7,13.8
1950-10-01,1950-12-31 23:59:59.999,9.7,2.2,9.5,24.980,NA,14.476,222.6,1537.5,NA,NA,1127574.8,1204475.8,817177.8,76901.0,NA,33.3,198.1,1368.4,78.1,245.1,NA,4.3,NA,0.7,21.5
1951-01-01,1951-03-31 23:59:59.999,7.7,2.2,8.4,25.880,NA,14.938,229.9,1539.3,NA,NA,NA,NA,NA,NA,NA,35.6,209.4,1401.5,81.8,254.4,NA,3.4,NA,0.7,17.6
1951-04-01,1951-06-30 23:59:59.999,12.2,2.2,8.6,25.930,NA,15.059,237.0,1573.5,NA,NA,NA,NA,NA,NA,NA,30.7,205.1,1361.9,82.9,263.3,NA,3.2,NA,0.7,28.9
1951-07-01,1951-09-30 23:59:59.999,12.2,2.2,8.6,26.030,NA,15.080,240.0,1591.4,NA,NA,NA,NA,NA,NA,NA,30.2,207.8,1377.7,84.4,267.8,NA,3.3,NA,0.7,29.3
1951-10-01,1951-12-31 23:59:59.999,11.5,2.2,8.7,26.470,NA,15.279,242.7,1588.5,NA,NA,1238719.2,1324286.2,893350.2,85567.0,NA,30.4,211.7,1385.8,85.9,272.3,NA,3.1,NA,0.8,28.0
1952-01-01,1952-03-31 23:59:59.999,11.3,2.3,8.2,26.390,NA,15.343,243.6,1587.7,NA,NA,1257225.4,1343532.4,906413.4,86307.0,NA,30.8,213.1,1388.9,87.6,274.5,NA,2.9,NA,0.7,27.4
1952-04-01,1952-06-30 23:59:59.999,10.6,2.5,8.7,26.530,NA,15.340,246.6,1607.8,NA,NA,1279908.6,1370401.6,921550.6,90493.0,NA,31.0,217.2,1416.1,89.6,278.4,NA,3.0,NA,0.7,26.2
1952-07-01,1952-09-30 23:59:59.999,11.9,2.6,8.6,26.630,NA,15.440,253.2,1640.2,NA,NA,1293580.7,1387102.7,933610.7,93522.0,NA,29.5,219.7,1423.0,91.8,285.5,NA,3.1,NA,0.8,30.1
1952-10-01,1952-12-31 23:59:59.999,10.7,2.8,8.8,26.710,NA,15.466,259.1,1675.4,NA,NA,1297882.8,1395842.8,931841.8,97960.0,NA,33.7,227.9,1473.3,93.8,292.2,NA,2.7,NA,0.8,27.6
1953-01-01,1953-03-31 23:59:59.999,10.6,3.0,8.4,26.630,NA,15.526,263.3,1695.8,NA,NA,1308322.0,1408596.0,935643.0,100274.0,NA,35.2,231.5,1490.8,95.8,296.7,NA,2.6,NA,0.9,28.0
1953-04-01,1953-06-30 23:59:59.999,11.2,3.2,9.2,26.770,NA,15.550,267.1,1717.9,NA,NA,1309644.0,1414411.0,932434.0,104767.0,NA,35.0,233.2,1499.8,97.6,300.6,NA,2.5,NA,0.9,29.9
1953-07-01,1953-09-30 23:59:59.999,10.9,3.3,9.0,26.890,NA,15.635,267.3,1709.7,NA,NA,1324169.6,1431465.6,938427.6,107296.0,NA,34.6,233.9,1496.3,99.5,300.5,NA,2.9,NA,0.9,29.2
1953-10-01,1953-12-31 23:59:59.999,11.2,3.4,8.9,26.870,NA,15.703,267.6,1704.0,NA,NA,1343445.9,1454134.9,960716.9,110689.0,NA,33.7,233.4,1486.4,99.8,300.5,NA,4.5,NA,0.9,29.9
1954-01-01,1954-03-31 23:59:59.999,11.3,3.4,9.4,26.930,NA,15.782,270.3,1712.7,NA,NA,1367158.9,1477719.9,979416.9,110561.0,NA,32.9,235.4,1491.8,101.3,300.5,NA,5.7,NA,0.8,30.6
1954-04-01,1954-06-30 23:59:59.999,10.3,3.4,8.9,26.940,NA,15.761,270.2,1714.3,NA,NA,1389479.6,1504411.6,1003014.6,114932.0,NA,33.6,238.2,1511.3,103.2,300.2,NA,5.6,NA,0.8,27.8
1954-07-01,1954-09-30 23:59:59.999,9.9,3.4,9.3,26.810,NA,15.709,272.2,1732.5,NA,NA,1427958.1,1545721.1,1034860.1,117763.0,NA,33.2,240.6,1531.8,105.2,302.2,NA,6.1,NA,1.1,27.0
1954-10-01,1954-12-31 23:59:59.999,9.9,3.5,9.5,26.770,NA,15.693,277.1,1765.7,NA,NA,1447844.5,1570936.5,1050039.5,123092.0,NA,35.1,245.4,1564.0,106.9,307.6,NA,5.0,NA,0.9,27.3
1955-01-01,1955-03-31 23:59:59.999,9.3,3.6,10.0,26.790,NA,15.744,282.5,1794.5,NA,NA,1470479.5,1596794.5,1068961.5,126315.0,2.64666666666667,38.4,251.8,1599.1,108.8,313.9,NA,4.6,NA,0.9,26.3
1955-04-01,1955-06-30 23:59:59.999,9.5,3.9,10.2,26.710,NA,15.761,289.1,1834.0,NA,NA,1507849.5,1641275.5,1100654.5,133426.0,2.76333333333333,40.7,256.8,1629.7,110.0,321.5,NA,4.2,NA,0.8,27.5
1955-07-01,1955-09-30 23:59:59.999,10.0,4.1,10.8,26.850,NA,15.823,295.5,1867.7,3.25,NA,1548439.5,1687226.5,1132022.5,138787.0,2.94666666666667,42.4,261.0,1649.8,111.7,328.9,NA,4.1,NA,0.8,29.5
1955-10-01,1955-12-31 23:59:59.999,9.9,4.3,10.9,26.870,NA,15.867,299.8,1889.5,3.50,NA,1570508.5,1714934.5,1149477.5,144426.0,2.91,41.4,265.1,1670.5,114.6,334.0,NA,4.2,NA,0.9,29.6
1956-01-01,1956-03-31 23:59:59.999,10.6,4.5,11.2,26.890,NA,15.932,304.1,1909.0,3.50,NA,1615698.0,1761883.0,1184551.0,146185.0,2.9,39.7,266.6,1673.2,116.4,339.5,NA,4.2,NA,1.0,32.1
1956-04-01,1956-06-30 23:59:59.999,11.1,4.6,11.2,27.150,NA,16.040,309.1,1927.1,3.75,NA,1624908.0,1776354.0,1188191.0,151446.0,3.08333333333333,39.8,269.3,1678.8,118.2,345.3,NA,4.3,NA,1.0,34.3
1956-07-01,1956-09-30 23:59:59.999,11.3,4.6,11.2,27.350,NA,16.196,313.7,1936.9,4.00,NA,1642952.3,1797785.3,1198215.3,154833.0,3.27333333333333,39.7,272.5,1682.6,120.4,350.6,NA,3.9,NA,1.0,35.6
1956-10-01,1956-12-31 23:59:59.999,11.5,4.7,11.6,27.630,NA,16.292,320.3,1966.3,4.00,NA,1679523.8,1839123.8,1231049.8,159600.0,3.47333333333333,41.5,277.9,1705.8,122.7,358.2,NA,4.2,NA,1.0,36.8
1957-01-01,1957-03-31 23:59:59.999,11.1,4.7,11.6,27.860,NA,16.438,324.2,1972.1,4.00,NA,1691844.7,1852605.7,1233551.7,160761.0,3.4033333333333304,42.6,282.3,1717.5,124.3,362.8,NA,3.7,NA,1.1,36.0
1957-04-01,1957-06-30 23:59:59.999,11.6,4.8,11.8,28.110,NA,16.543,328.5,1986.0,4.00,NA,1730515.7,1896343.7,1265720.7,165828.0,3.6266666666666704,42.2,284.6,1720.5,126.0,367.5,NA,4.3,NA,1.1,38.0
1957-07-01,1957-09-30 23:59:59.999,11.4,4.9,11.9,28.320,NA,16.676,333.0,1996.8,4.50,NA,1727139.0,1896110.0,1256733.0,168971.0,3.9266666666666696,41.9,289.2,1734.1,128.0,372.2,NA,4.4,NA,1.1,37.8
1957-10-01,1957-12-31 23:59:59.999,10.8,5.0,11.7,28.470,NA,16.762,332.7,1984.9,4.50,NA,1738875.1,1910951.1,1267175.1,172076.0,3.6333333333333304,41.5,290.8,1734.9,130.3,371.5,NA,5.2,NA,1.1,35.9
1958-01-01,1958-03-31 23:59:59.999,11.3,5.0,11.6,28.870,NA,16.968,334.2,1969.8,4.00,NA,1773953.4,1945165.4,1300822.4,171212.0,3.04,39.4,290.3,1711.1,131.1,372.4,NA,6.7,NA,1.0,37.8
1958-04-01,1958-06-30 23:59:59.999,11.2,5.0,11.7,28.910,NA,16.999,337.1,1983.0,3.50,NA,1802277.6,1977060.6,1327018.6,174783.0,2.9233333333333296,38.6,293.2,1725.1,133.4,374.8,NA,7.3,NA,1.0,37.8
1958-07-01,1958-09-30 23:59:59.999,11.6,5.0,11.7,28.910,NA,17.012,344.1,2022.9,4.00,NA,1859021.7,2037380.7,1376948.7,178359.0,3.5,39.4,298.3,1753.5,135.9,383.1,NA,7.1,NA,1.0,39.9
1958-10-01,1958-12-31 23:59:59.999,11.5,5.0,11.4,28.970,NA,17.007,348.2,2047.6,4.00,NA,1892955.7,2077104.7,1406791.7,184149.0,3.8,40.7,302.2,1777.1,137.5,387.6,NA,6.2,NA,1.0,40.0
1959-01-01,1959-03-31 23:59:59.999,10.7,5.1,12.1,28.970,NA,17.125,353.6,2065.0,4.00,NA,1914499.4,2101143.4,1426920.4,186644.0,3.99,43.6,309.9,1809.4,140.1,394.4,2314.4,5.6,NA,0.8,37.8
1959-04-01,1959-06-30 23:59:59.999,10.7,5.3,12.5,29.110,NA,17.193,360.7,2098.0,4.50,NA,1943204.0,2136883.0,1450284.0,193679.0,4.2566666666666704,45.5,315.9,1837.3,143.3,402.7,2350.3,5.0,NA,0.8,38.7
1959-07-01,1959-09-30 23:59:59.999,9.6,5.6,12.8,29.250,NA,17.295,362.4,2095.1,5.00,NA,1956074.2,2155968.2,1458572.2,199894.0,4.5033333333333304,46.3,321.1,1856.5,146.6,405.0,2336.7,5.5,NA,0.8,34.9
1959-10-01,1959-12-31 23:59:59.999,10.1,5.8,13.0,29.410,NA,17.389,366.9,2110.1,5.00,NA,1989553.3,2196255.3,1490235.3,206702.0,4.5833333333333304,44.1,323.2,1858.6,149.6,410.7,2380.9,5.3,NA,0.8,37.1
1960-01-01,1960-03-31 23:59:59.999,10.3,6.0,13.2,29.410,NA,17.413,371.8,2135.2,5.00,NA,1996761.7,2204387.7,1483857.7,207626.0,4.4866666666666696,45.5,326.7,1876.3,151.7,417.1,2397.2,5.4,NA,0.8,38.3
1960-04-01,1960-06-30 23:59:59.999,9.7,6.2,13.2,29.610,NA,17.504,376.1,2148.6,5.00,NA,2015608.3,2230093.3,1503158.3,214485.0,4.26,46.4,332.6,1900.1,154.2,422.1,2412.8,5.4,NA,0.8,36.5
1960-07-01,1960-09-30 23:59:59.999,10.2,6.3,13.5,29.610,NA,17.572,378.2,2152.4,4.50,NA,2008338.0,2227405.0,1492664.0,219067.0,3.8333333333333296,45.9,332.5,1892.5,155.0,424.7,2417.6,5.5,NA,0.8,38.5
1960-10-01,1960-12-31 23:59:59.999,10.0,6.4,13.5,29.810,NA,17.650,379.7,2151.5,4.50,NA,2065478.4,2290028.4,1552476.4,224550.0,3.8866666666666696,44.7,334.5,1894.9,157.4,426.2,2401.0,6.6,NA,0.9,38.0
1961-01-01,1961-03-31 23:59:59.999,10.9,6.5,13.6,29.840,NA,17.683,384.1,2172.4,4.50,NA,2120518.5,2345829.5,1609820.5,225311.0,3.7866666666666704,42.2,335.0,1894.4,159.3,430.7,2443.3,6.9,NA,0.9,41.7
1961-04-01,1961-06-30 23:59:59.999,10.9,6.5,13.6,29.840,NA,17.681,390.0,2205.5,4.50,NA,2141908.9,2373420.9,1625285.9,231512.0,3.79,43.3,339.9,1922.6,162.4,436.9,2491.2,6.9,NA,0.9,42.6
1961-07-01,1961-09-30 23:59:59.999,11.7,6.5,13.9,29.980,NA,17.745,396.6,2234.8,4.50,NA,2178582.6,2414369.6,1654816.6,235787.0,3.98,44.6,342.8,1932.0,163.7,444.0,2502.8,6.7,NA,1.0,46.2
1961-10-01,1961-12-31 23:59:59.999,11.6,6.6,14.5,30.010,NA,17.765,404.7,2277.9,4.50,NA,2232908.0,2475821.0,1706206.0,242913.0,3.9733333333333304,46.7,350.1,1970.7,167.3,452.8,2564.5,6.0,NA,1.0,46.9
1962-01-01,1962-03-31 23:59:59.999,11.5,6.6,14.6,30.170,3.39,17.843,410.3,2299.7,4.50,NA,2245979.0,2490219.0,1710811.0,244240.0,4.0166666666666704,47.7,355.4,1991.7,169.8,459.7,2590.1,5.6,NA,1.1,47.2
1962-04-01,1962-06-30 23:59:59.999,11.3,6.8,15.0,30.210,3.56,17.906,416.1,2323.9,4.50,NA,2149777.2,2401116.2,1614596.2,251339.0,3.8733333333333296,49.0,361.0,2016.1,173.2,467.0,2611.4,5.5,NA,1.1,47.2
1962-07-01,1962-09-30 23:59:59.999,11.0,7.1,15.2,30.420,3.35,17.952,419.4,2336.0,4.50,NA,2188541.8,2446095.8,1652403.8,257554.0,3.99,49.6,364.9,2032.5,175.4,471.7,2627.7,5.6,NA,1.1,46.3
1962-10-01,1962-12-31 23:59:59.999,10.6,7.3,15.4,30.380,3.40,18.006,424.3,2356.6,4.50,NA,2292245.1,2557294.1,1753725.1,265049.0,3.9033333333333304,51.5,371.1,2061.3,178.1,477.9,2664.6,5.5,NA,1.1,44.8
1963-01-01,1963-03-31 23:59:59.999,10.7,7.5,15.8,30.510,3.44,18.057,429.2,2376.8,4.50,NA,2339004.0,2606963.0,1793526.0,267959.0,3.8933333333333296,52.6,374.7,2075.2,179.7,483.3,2677.6,5.7,NA,1.2,45.8
1963-04-01,1963-06-30 23:59:59.999,10.6,7.8,16.1,30.610,3.61,18.083,433.8,2398.9,4.50,NA,2371254.6,2648730.6,1831090.6,277476.0,3.9633333333333296,53.9,378.9,2095.1,182.2,488.1,2710.3,5.6,NA,1.1,46.0
1963-07-01,1963-09-30 23:59:59.999,10.3,8.1,16.3,30.720,3.82,18.169,440.7,2425.4,4.50,NA,2413222.3,2698215.3,1867332.3,284993.0,4.0333333333333296,54.7,385.8,2123.7,186.0,495.3,2739.3,5.5,NA,1.2,45.5
1963-10-01,1963-12-31 23:59:59.999,11.0,8.4,16.8,30.880,4.05,18.236,449.5,2465.0,4.50,NA,2407145.3,2701149.3,1861986.3,294004.0,4.12,55.7,390.5,2141.4,189.5,504.7,2781.8,5.5,NA,1.2,49.4
1964-01-01,1964-03-31 23:59:59.999,11.0,8.5,17.5,30.940,4.16,18.324,460.6,2513.4,4.50,NA,2454360.8,2752329.8,1908453.8,297969.0,4.18,58.0,400.1,2183.6,193.5,514.3,2817.0,5.4,NA,1.3,50.7
1964-04-01,1964-06-30 23:59:59.999,11.8,8.8,18.0,31.010,3.95,18.366,474.0,2580.9,4.50,NA,2498775.3,2806341.3,1946166.3,307566.0,4.2,59.5,408.1,2222.0,197.2,523.7,2862.4,5.2,NA,1.3,55.8
1964-07-01,1964-09-30 23:59:59.999,11.3,9.1,18.4,31.080,4.01,18.428,481.7,2614.2,4.50,NA,2544503.4,2858881.4,1989638.4,314378.0,4.1933333333333296,61.4,417.0,2262.8,200.7,533.3,2906.7,5.1,NA,1.3,54.3
1964-10-01,1964-12-31 23:59:59.999,12.0,9.3,18.9,31.250,4.06,18.490,488.8,2643.9,4.50,NA,2588047.4,2911416.4,2027310.4,323369.0,4.1733333333333304,59.4,419.6,2269.2,204.4,542.1,2954.8,5.0,NA,1.4,58.6
1965-01-01,1965-03-31 23:59:59.999,11.1,9.5,19.2,31.310,4.11,18.549,496.2,2675.0,4.50,NA,2632761.0,2959625.0,2064420.0,326864.0,4.2033333333333296,64.9,430.3,2319.8,207.6,553.1,2989.2,4.7,NA,1.3,55.1
1965-04-01,1965-06-30 23:59:59.999,11.1,9.9,19.9,31.610,4.06,18.642,504.3,2705.3,4.50,NA,2628896.9,2965365.9,2061665.9,336469.0,4.2066666666666696,64.8,437.2,2345.5,211.7,562.7,3027.0,4.6,NA,1.4,55.8
1965-07-01,1965-09-30 23:59:59.999,11.9,10.1,20.5,31.620,4.33,18.711,520.1,2779.5,4.50,NA,2706534.9,3049919.9,2137380.9,343385.0,4.2466666666666696,66.7,446.4,2385.9,215.7,577.1,3138.6,4.3,NA,1.4,62.1
1965-10-01,1965-12-31 23:59:59.999,11.3,10.2,21.2,31.850,5.00,18.768,532.2,2835.4,5.00,NA,2785845.3,3138631.3,2207696.3,352786.0,4.4733333333333304,69.1,460.4,2452.9,220.7,590.4,3162.8,4.0,NA,1.4,60.1
1966-01-01,1966-03-31 23:59:59.999,10.9,10.4,21.3,32.180,4.89,18.914,541.6,2863.5,5.50,NA,2792926.6,3148890.6,2213075.6,355964.0,4.7699999999999992,72.3,470.8,2489.1,224.4,603.1,3200.9,3.8,NA,1.4,59.0
1966-04-01,1966-06-30 23:59:59.999,10.9,10.6,20.9,32.380,5.22,19.070,547.5,2870.9,5.75,NA,2823693.8,3189353.8,2218037.8,365660.0,4.78,69.7,475.9,2495.4,228.9,613.0,3226.5,3.8,NA,1.5,59.5
1966-07-01,1966-09-30 23:59:59.999,10.9,10.7,20.5,32.750,5.54,19.216,558.4,2905.9,6.00,NA,2794622.6,3164173.6,2184361.6,369551.0,5.14,72.3,485.0,2523.8,232.9,626.3,3273.9,3.7,NA,1.6,61.1
1966-10-01,1966-12-31 23:59:59.999,11.6,10.9,20.0,32.920,4.94,19.366,569.3,2939.6,6.00,NA,2885317.7,3261339.7,2255355.7,376022.0,5.0033333333333304,72.6,490.8,2534.2,237.7,639.8,3307.2,3.8,NA,1.6,65.9
1967-01-01,1967-03-31 23:59:59.999,12.3,11.1,21.1,33.000,4.30,19.423,579.5,2983.4,5.50,NA,2993234.7,3369046.7,2355252.7,375812.0,4.5833333333333304,71.1,495.1,2548.9,241.6,650.6,3362.5,3.8,NA,1.8,71.6
1967-04-01,1967-06-30 23:59:59.999,11.8,11.1,21.7,33.300,5.10,19.514,586.7,3006.8,5.50,NA,3031834.5,3414981.5,2386068.5,383147.0,4.82,74.5,504.2,2583.7,245.7,657.7,3378.6,3.9,NA,2.3,69.1
1967-07-01,1967-09-30 23:59:59.999,12.2,11.2,22.1,33.600,5.39,19.694,597.7,3035.1,5.50,NA,3117456.1,3506665.1,2458851.1,389209.0,5.2466666666666696,74.7,511.4,2596.9,251.0,671.6,3413.6,3.8,NA,2.0,73.2
1967-10-01,1967-12-31 23:59:59.999,12.4,11.3,21.2,34.000,5.80,19.862,607.2,3057.1,6.00,NA,3184393.6,3595262.6,2520819.6,410869.0,5.6433333333333296,75.6,518.9,2612.7,255.4,683.1,3463.5,3.8,NA,1.9,75.0
1968-01-01,1968-03-31 23:59:59.999,11.8,11.6,22.6,34.300,5.79,20.071,624.1,3109.3,6.00,NA,3204792.7,3607260.7,2502322.7,402468.0,5.61,80.9,536.9,2674.8,262.5,702.6,3526.3,3.7,NA,2.0,73.7
1968-04-01,1968-06-30 23:59:59.999,11.9,12.0,23.4,34.700,5.78,20.275,640.9,3161.2,6.50,NA,3343527.3,3758709.3,2628303.3,415182.0,5.7433333333333296,83.1,550.6,2715.6,269.7,722.6,3577.3,3.7,NA,2.0,76.4
1968-07-01,1968-09-30 23:59:59.999,10.5,12.4,24.0,35.100,5.43,20.485,649.1,3168.9,6.25,NA,3405937.2,3828718.2,2676476.2,422781.0,5.46,87.5,566.7,2766.6,276.3,741.0,3629.3,3.4,NA,2.1,67.9
1968-10-01,1968-12-31 23:59:59.999,10.6,12.8,24.2,35.600,6.37,20.713,660.8,3190.5,6.75,NA,3575542.1,4011686.1,2810873.1,436144.0,5.7699999999999992,87.8,575.6,2779.1,282.8,756.7,3664.7,3.4,NA,2.1,70.3
1969-01-01,1969-03-31 23:59:59.999,9.8,13.3,24.0,36.100,6.28,20.917,668.7,3197.0,7.50,NA,3592820.7,4027740.7,2794498.7,434920.0,6.1766666666666704,90.0,587.8,2810.2,289.0,771.3,3700.8,3.4,NA,2.1,65.5
1969-04-01,1969-06-30 23:59:59.999,10.1,13.8,24.1,36.600,7.21,21.186,684.8,3232.2,8.50,NA,3599734.4,4046066.4,2786772.4,446332.0,6.35333333333334,90.4,599.2,2828.2,296.5,790.4,3741.2,3.5,NA,2.3,69.5
1969-07-01,1969-09-30 23:59:59.999,11.6,14.2,24.3,37.100,8.13,21.446,707.9,3300.6,8.50,NA,3622373.9,4074554.9,2796489.9,452181.0,6.8566666666666704,90.6,609.5,2841.9,302.9,812.0,3797.4,3.7,NA,2.3,81.9
1969-10-01,1969-12-31 23:59:59.999,11.5,14.6,24.6,37.700,8.41,21.695,721.7,3326.5,8.50,NA,3641971.2,4105751.2,2797191.2,463780.0,7.2966666666666704,90.8,621.5,2864.6,310.9,827.3,3815.6,3.5,NA,2.4,83.2
1970-01-01,1970-03-31 23:59:59.999,11.8,14.9,24.5,38.300,7.13,21.947,737.2,3359.0,8.00,280814,3670736.3,4126977.3,2808790.3,456241.0,7.3666666666666704,89.6,632.6,2882.3,318.5,841.8,3843.9,4.4,NA,2.5,87.3
1970-04-01,1970-06-30 23:59:59.999,12.5,15.1,24.3,38.800,7.77,22.190,754.1,3398.5,8.00,274924,3601375.4,4064175.4,2707503.4,462800.0,7.7133333333333296,91.0,642.5,2895.6,325.0,859.6,3858.6,4.9,NA,2.6,93.9
1970-07-01,1970-09-30 23:59:59.999,13.1,15.3,24.2,39.200,6.97,22.406,773.4,3451.7,7.50,282367,3723681.4,4193420.4,2830690.4,469739.0,7.46,92.0,654.5,2921.1,332.8,874.0,3906.2,5.4,NA,2.6,101.0
1970-10-01,1970-12-31 23:59:59.999,13.1,15.6,24.2,39.800,5.84,22.696,781.4,3442.9,6.75,291242,3848133.7,4326874.7,2936179.7,478741.0,6.8533333333333296,87.3,661.2,2913.1,339.4,882.9,3893.2,6.1,NA,2.6,102.0
1971-01-01,1971-03-31 23:59:59.999,13.2,15.9,25.0,40.000,4.56,22.911,804.6,3512.0,5.25,292043,4009087.0,4490581.0,3063565.0,481494.0,6.0166666666666704,98.1,680.2,2968.9,346.3,903.0,3948.5,6.0,NA,2.6,105.8
1971-04-01,1971-06-30 23:59:59.999,13.6,16.3,25.0,40.500,6.77,23.172,825.7,3563.2,5.50,294417,4077803.5,4572949.5,3112042.5,495146.0,6.2466666666666696,101.0,694.3,2996.1,354.4,926.4,4047.8,5.9,NA,2.7,112.4
1971-07-01,1971-09-30 23:59:59.999,13.4,16.7,25.2,40.800,5.77,23.399,838.2,3582.2,6.00,304952,4134653.7,4642543.7,3151830.7,507890.0,6.4833333333333296,103.4,706.7,3020.0,362.8,940.5,4031.0,6.0,NA,2.9,111.9
1971-10-01,1971-12-31 23:59:59.999,12.9,17.2,24.9,41.100,5.15,23.544,853.2,3624.0,5.25,317118,4254073.7,4778159.7,3260303.7,524086.0,5.89,107.3,722.9,3070.2,372.0,958.7,4095.0,6.0,NA,3.0,110.2
1972-01-01,1972-03-31 23:59:59.999,12.2,17.6,26.1,41.400,5.86,23.792,866.2,3640.6,4.75,320987,4409830.6,4941163.6,3370301.6,531333.0,6.0333333333333296,110.7,740.1,3110.8,382.4,986.0,4164.9,5.8,NA,3.0,105.5
1972-04-01,1972-06-30 23:59:59.999,11.4,18.0,26.4,41.700,5.80,23.930,880.1,3677.8,5.25,314976,4468978.1,5020250.1,3419630.1,551272.0,6.1433333333333296,114.1,758.6,3170.2,390.2,1003.5,4200.6,5.7,NA,3.2,100.3
1972-07-01,1972-09-30 23:59:59.999,11.7,18.3,27.1,42.100,6.04,24.141,904.9,3748.5,5.50,319574,4588627.2,5155351.2,3505794.2,566724.0,6.29,117.6,777.1,3219.1,399.4,1029.2,4283.1,5.5,NA,3.2,106.3
1972-10-01,1972-12-31 23:59:59.999,13.2,18.6,27.7,42.500,6.14,24.339,948.6,3897.2,6.00,331576,4832114.4,5417537.4,3703344.4,585423.0,6.3733333333333304,123.4,801.9,3294.6,410.4,1075.7,4440.5,5.2,NA,3.3,124.8
1973-01-01,1973-03-31 23:59:59.999,12.2,19.2,28.4,43.400,6.89,24.635,966.9,3924.9,6.50,339859,4853946.8,5451492.8,3692842.8,597546.0,6.6033333333333296,131.8,826.5,3354.8,419.2,1093.3,4442.2,4.9,NA,3.0,118.3
1973-04-01,1973-06-30 23:59:59.999,13.0,19.6,29.3,44.200,7.07,25.110,993.4,3956.2,7.75,333932,4893277.0,5509732.0,3690653.0,616455.0,6.8066666666666704,131.3,842.0,3353.4,429.4,1122.6,4481.7,4.9,NA,3.1,128.7
1973-07-01,1973-09-30 23:59:59.999,13.0,20.0,30.4,45.200,6.79,25.569,1016.0,3973.4,10.00,332838,5078411.7,5713960.7,3822768.7,635549.0,7.2066666666666704,130.8,860.5,3365.3,439.8,1150.0,4508.3,4.8,NA,3.1,132.3
1973-10-01,1973-12-31 23:59:59.999,14.1,20.4,31.5,46.300,6.83,26.094,1048.2,4017.1,9.75,339432,5043450.1,5695413.1,3752253.1,651963.0,6.7533333333333304,128.2,875.6,3355.5,449.7,1188.2,4545.6,4.9,NA,4.4,147.9
1974-01-01,1974-03-31 23:59:59.999,13.6,20.3,32.5,47.800,7.81,26.870,1061.6,3950.9,9.25,342459,5075080.3,5731094.3,3786732.3,656014.0,7.0533333333333304,126.7,893.8,3326.2,458.3,1204.4,4450.5,5.1,NA,3.3,144.2
1974-04-01,1974-06-30 23:59:59.999,12.5,20.8,33.3,49.000,8.34,27.631,1081.5,3914.0,11.75,336029,5058799.3,5735406.3,3773239.3,676607.0,7.5433333333333296,130.6,922.3,3337.9,473.7,1230.4,4453.8,5.4,NA,3.4,135.0
1974-07-01,1974-09-30 23:59:59.999,12.2,21.5,33.5,50.600,8.07,28.376,1111.7,3917.7,12.00,340881,5010898.7,5705725.7,3703712.7,694827.0,7.9633333333333296,136.3,951.1,3351.6,487.1,1266.6,4449.8,5.9,NA,3.5,135.7
1974-10-01,1974-12-31 23:59:59.999,13.3,22.1,33.4,51.900,7.34,29.095,1138.5,3912.9,10.50,351457,5156893.7,5864711.7,3800312.7,707818.0,7.67,127.1,960.9,3302.5,502.8,1296.0,4440.5,7.2,NA,3.6,152.0
1975-01-01,1975-03-31 23:59:59.999,12.4,23.3,32.9,52.800,7.09,29.641,1157.9,3906.5,7.50,371201,5422873.0,6129815.0,3987436.0,706942.0,7.54,131.8,987.1,3330.1,519.1,1315.9,4437.0,8.6,59.68,3.7,143.9
1975-04-01,1975-06-30 23:59:59.999,15.0,23.5,32.6,53.500,7.49,30.003,1226.5,4087.8,7.00,387905,5654023.9,6374695.9,4158593.9,720672.0,8.05,136.7,1015.8,3385.7,534.3,1347.5,4546.8,8.8,61.16,3.6,183.5
1975-07-01,1975-09-30 23:59:59.999,12.5,23.9,32.8,54.600,8.36,30.564,1231.3,4028.4,8.00,411381,5631603.2,6372060.2,4143330.2,740457.0,8.2966666666666704,146.8,1049.6,3434.1,546.8,1384.1,4543.1,8.4,61.26,4.0,153.8
1975-10-01,1975-12-31 23:59:59.999,12.3,24.1,33.3,55.600,7.10,31.077,1261.5,4059.2,7.25,437305,5795379.8,6559155.8,4272675.8,763776.0,8.0633333333333392,153.4,1078.5,3470.5,565.5,1420.0,4568.5,8.2,62.32,4.0,154.8
1976-01-01,1976-03-31 23:59:59.999,11.7,23.5,36.1,56.000,7.02,31.422,1290.5,4106.9,6.75,461423,6001565.0,6774772.0,4439762.0,773207.0,7.7533333333333296,163.3,1112.3,3539.9,581.6,1452.6,4636.1,7.6,62.81,4.3,150.3
1976-04-01,1976-06-30 23:59:59.999,11.3,23.7,38.1,56.700,7.28,31.686,1308.1,4128.2,7.25,470821,6176429.1,6976288.1,4555992.1,799859.0,7.7733333333333296,165.9,1132.0,3572.4,593.0,1477.0,4663.0,7.6,65.55,4.3,148.1
1976-07-01,1976-09-30 23:59:59.999,11.1,24.0,39.9,57.600,6.59,32.167,1337.7,4158.6,7.00,488327,6287568.5,7112487.5,4641046.5,824919.0,7.73,169.8,1161.3,3610.3,610.9,1513.5,4707.6,7.6,66.59,4.4,148.0
1976-10-01,1976-12-31 23:59:59.999,10.4,24.4,41.8,58.400,5.70,32.675,1366.9,4183.4,6.25,506445,6450633.8,7303654.8,4760545.8,853021.0,7.19,175.5,1195.1,3657.5,630.0,1549.3,4756.9,7.8,67.47,4.6,142.8
1977-01-01,1977-03-31 23:59:59.999,9.4,25.6,42.6,59.600,6.42,33.265,1391.2,4182.1,6.25,524258,6561566.5,7431399.5,4801388.5,869833.0,7.3533333333333296,183.9,1230.6,3699.3,650.2,1579.6,4767.3,7.4,69.42,4.7,130.3
1977-04-01,1977-06-30 23:59:59.999,10.0,26.5,43.9,60.500,6.33,33.834,1432.6,4234.2,6.75,523221,6746294.8,7654760.8,4911796.8,908466.0,7.37,189.2,1258.5,3719.7,665.6,1627.9,4819.9,7.2,72.67,4.8,142.7
1977-07-01,1977-09-30 23:59:59.999,10.5,27.4,45.6,61.300,6.94,34.345,1476.5,4299.0,7.25,543350,6884395.7,7830945.7,4991614.7,946550.0,7.3566666666666704,194.0,1289.7,3755.2,685.8,1674.7,4899.6,6.8,74.39,4.9,154.5
1977-10-01,1977-12-31 23:59:59.999,10.8,28.5,46.8,62.300,7.36,34.836,1526.5,4382.1,7.75,564094,7044366.9,8028665.9,5081358.9,984299.0,7.5966666666666704,200.7,1327.9,3811.8,703.6,1734.7,5002.9,6.4,77.17,4.9,165.2
1978-01-01,1978-03-31 23:59:59.999,10.9,30.0,48.2,63.400,7.83,35.415,1562.9,4413.0,8.00,585233,7212480.2,8219676.2,5177222.2,1007196.0,8.01,198.2,1357.8,3833.8,728.5,1774.6,5033.2,6.3,79.52,5.1,170.1
1978-04-01,1978-06-30 23:59:59.999,9.9,31.3,49.4,65.000,8.53,36.145,1610.9,4456.6,9.00,587939,7468498.0,8525955.0,5353347.0,1057457.0,8.32,216.2,1415.3,3915.6,754.3,1833.7,5083.1,5.9,82.76,5.4,158.9
1978-07-01,1978-09-30 23:59:59.999,10.1,32.7,51.7,66.500,8.49,36.781,1651.0,4488.8,9.75,603571,7716118.5,8820945.5,5532287.5,1104827.0,8.49,216.7,1446.2,3932.0,773.9,1887.1,5138.3,6.0,85.25,5.5,166.6
1978-10-01,1978-12-31 23:59:59.999,10.1,33.7,53.6,67.900,9.59,37.477,1695.5,4524.2,11.75,619207,7897634.5,9044606.5,5636601.5,1146972.0,8.82,222.3,1485.4,3963.5,793.7,1942.5,5204.4,6.0,87.49,5.8,170.7
1979-01-01,1979-03-31 23:59:59.999,10.6,34.5,55.3,69.900,9.34,38.181,1745.7,4572.3,11.75,630518,8213039.4,9386636.4,5824653.4,1173597.0,9.1066666666666688,223.3,1521.0,3983.6,813.1,1999.1,5250.8,5.8,91.41,5.7,184.5
1979-04-01,1979-06-30 23:59:59.999,9.8,35.5,56.9,72.200,8.78,39.222,1777.9,4532.8,11.50,626388,8484842.7,9705095.7,5987534.7,1220253.0,9.1133333333333296,222.1,1561.5,3981.3,839.4,2039.6,5189.3,5.7,94.35,5.8,175.0
1979-07-01,1979-09-30 23:59:59.999,9.4,36.7,58.0,74.400,9.76,40.194,1830.5,4554.2,13.50,638836,8772408.2,10042168.2,6196835.2,1269760.0,9.1033333333333296,230.9,1616.0,4020.4,862.7,2105.1,5237.7,5.9,96.39,6.1,171.8
1979-10-01,1979-12-31 23:59:59.999,9.5,38.0,59.6,76.900,10.62,41.165,1883.0,4574.3,15.25,657968,9047814.1,10362397.1,6400368.1,1314583.0,10.4466666666667,229.0,1659.5,4031.2,891.0,2168.0,5280.9,6.0,98.31,6.6,178.9
1980-01-01,1980-03-31 23:59:59.999,9.7,43.2,61.7,80.100,13.69,42.398,1946.0,4589.8,19.50,667123,9238635.6,10581578.6,6468363.6,1342943.0,11.9866666666667,232.1,1706.5,4025.0,914.5,2230.1,5225.6,6.3,100.00,6.5,189.7
1980-04-01,1980-06-30 23:59:59.999,10.5,43.0,64.2,82.500,9.19,43.435,1964.6,4523.1,12.00,682710,9582458.3,10945247.3,6721457.3,1362789.0,10.4766666666667,211.9,1708.9,3934.5,931.1,2256.1,5193.8,7.6,101.53,6.7,206.0
1980-07-01,1980-09-30 23:59:59.999,10.7,42.2,64.6,83.900,12.06,44.449,2035.0,4578.3,13.00,709958,9985128.4,11383633.4,7013959.4,1398505.0,10.9533333333333,225.4,1767.7,3976.9,965.8,2336.6,5277.9,7.5,104.44,7.0,218.1
1980-10-01,1980-12-31 23:59:59.999,11.2,44.5,65.4,86.400,12.85,45.547,2126.2,4668.1,21.50,737746,10326558.7,11767130.7,7315979.7,1440572.0,12.4233333333333,236.2,1835.4,4029.6,1007.9,2444.4,5387.8,7.2,104.81,7.4,239.0
1981-01-01,1981-03-31 23:59:59.999,10.4,45.7,68.6,88.600,13.27,46.675,2173.0,4655.6,17.50,773676,10522432.0,11975052.0,7460392.0,1452620.0,12.96,246.0,1890.7,4050.8,1030.6,2503.3,5358.9,7.4,105.43,10.8,225.8
1981-04-01,1981-06-30 23:59:59.999,10.3,47.8,72.6,90.500,14.57,47.454,2208.8,4654.5,20.00,771255,10786274.0,12275668.0,7559957.0,1489394.0,13.75,240.9,1921.9,4050.1,1058.1,2550.8,5390.0,7.5,107.50,11.2,227.8
1981-07-01,1981-09-30 23:59:59.999,11.7,50.6,75.8,93.100,16.45,48.231,2290.9,4749.8,19.50,789799,10862194.4,12382051.4,7540091.4,1519857.0,14.8466666666667,251.9,1961.2,4066.4,1080.2,2647.1,5482.9,7.6,109.26,11.7,267.3
1981-10-01,1981-12-31 23:59:59.999,12.4,52.8,77.6,94.100,13.99,48.964,2330.3,4759.1,15.75,825509,11153060.6,12703752.6,7786996.6,1550692.0,14.0866666666667,236.8,1976.1,4035.9,1103.6,2682.3,5468.8,8.5,109.14,12.3,289.0
1982-01-01,1982-03-31 23:59:59.999,11.8,55.6,77.5,94.700,14.52,49.584,2362.6,4764.8,16.50,858888,11252297.8,12807238.8,7776904.8,1554941.0,14.2933333333333,246.4,2014.4,4062.6,1128.1,2714.5,5470.6,9.0,110.87,13.1,279.5
1982-04-01,1982-06-30 23:59:59.999,11.9,58.3,76.4,97.000,14.78,50.056,2398.8,4792.3,16.50,867916,11367157.6,12946973.6,7871869.6,1579816.0,13.93,249.2,2041.1,4077.6,1153.1,2757.9,5488.0,9.6,111.80,13.7,285.7
1982-07-01,1982-09-30 23:59:59.999,11.7,60.5,77.0,97.700,11.52,50.843,2449.6,4818.0,13.50,925631,11580333.2,13170196.2,8073260.2,1589863.0,13.1166666666667,252.1,2089.2,4109.1,1187.4,2799.1,5497.9,10.1,110.81,14.1,285.8
1982-10-01,1982-12-31 23:59:59.999,10.4,62.9,79.4,97.700,9.74,51.407,2487.9,4839.7,11.50,987719,11913291.4,13537660.4,8389550.4,1624369.0,10.6666666666667,264.4,2150.9,4184.1,1229.8,2843.9,5549.6,10.8,112.19,14.4,259.7
1983-01-01,1983-03-31 23:59:59.999,10.3,65.6,80.9,98.100,10.04,51.850,2530.9,4881.3,10.50,1043339,12254225.2,13870873.2,8656870.2,1616648.0,10.5633333333333,268.9,2190.6,4224.8,1264.7,2881.3,5566.4,10.3,114.20,14.2,260.6
1983-04-01,1983-06-30 23:59:59.999,9.2,67.6,81.9,99.400,10.41,52.328,2572.4,4915.9,10.50,1090291,12542145.5,14208943.5,8934668.5,1666798.0,10.5433333333333,289.6,2254.5,4308.4,1291.9,2931.4,5604.6,10.1,115.37,14.9,235.4
1983-07-01,1983-09-30 23:59:59.999,8.9,69.8,84.2,100.400,10.79,53.018,2645.6,4990.1,11.00,1138188,12678834.9,14403990.9,9063012.9,1725156.0,11.6266666666667,302.4,2324.3,4384.0,1333.5,2990.5,5651.5,9.2,116.35,15.6,235.9
1983-10-01,1983-12-31 23:59:59.999,9.4,71.9,86.2,101.400,11.13,53.371,2720.6,5097.6,11.00,1174425,12774486.7,14562646.7,9151717.7,1788160.0,11.6866666666667,319.3,2376.7,4453.1,1360.9,3075.8,5803.6,8.3,117.00,15.9,256.1
1984-01-01,1984-03-31 23:59:59.999,10.5,72.9,88.4,102.900,11.86,53.948,2806.3,5201.8,11.50,1223898,12997163.6,14819300.6,9210873.6,1822137.0,11.9433333333333,331.4,2422.8,4490.9,1384.9,3166.9,5896.1,7.8,118.73,16.4,294.2
1984-04-01,1984-06-30 23:59:59.999,10.7,75.2,90.7,103.700,13.48,54.474,2880.7,5288.3,13.00,1255100,13206724.9,15094109.9,9322106.9,1887385.0,13.2,341.3,2481.2,4554.9,1417.6,3250.7,5992.6,7.2,120.28,17.0,307.4
1984-07-01,1984-09-30 23:59:59.999,11.1,78.0,90.9,104.700,12.28,54.897,2942.9,5360.8,12.75,1309183,13529790.4,15471607.4,9547803.4,1941817.0,12.8666666666667,342.1,2519.7,4589.9,1453.1,3326.5,6095.0,7.3,121.48,17.1,328.0
1984-10-01,1984-12-31 23:59:59.999,10.7,80.1,92.6,105.500,10.52,55.239,2985.6,5404.9,10.75,1373366,13793249.1,15801181.1,9733683.1,2007932.0,11.7433333333333,353.8,2568.9,4650.6,1482.3,3381.1,6149.6,7.3,122.46,17.8,318.8
1985-01-01,1985-03-31 23:59:59.999,8.8,87.5,95.3,106.800,10.79,55.900,3014.1,5392.0,10.50,1415232,14175556.0,16258412.0,10029019.0,2082856.0,11.5833333333333,368.0,2643.9,4729.7,1533.5,3445.9,6173.3,7.2,124.14,18.3,264.4
1985-04-01,1985-06-30 23:59:59.999,9.6,90.9,96.8,107.500,9.08,56.371,3098.0,5495.8,9.50,1460484,14496329.5,16655628.5,10248276.5,2159299.0,10.8133333333333,373.3,2691.2,4774.1,1565.2,3486.1,6190.4,7.4,126.04,18.4,297.6
1985-07-01,1985-09-30 23:59:59.999,7.6,93.3,98.2,108.100,9.27,56.820,3112.2,5477.4,9.50,1506558,14673089.5,16923750.5,10328072.5,2250661.0,10.3366666666667,396.5,2764.7,4865.8,1607.8,3533.3,6227.7,7.1,128.04,19.1,235.1
1985-10-01,1985-12-31 23:59:59.999,8.3,96.2,99.3,109.500,8.22,57.211,3169.7,5540.3,9.50,1597083,15277194.5,17639382.5,10855182.5,2362188.0,9.76,383.8,2790.9,4878.3,1633.8,3598.1,6309.8,7.0,129.43,19.2,263.4
1986-01-01,1986-03-31 23:59:59.999,8.6,97.9,103.1,109.100,7.02,57.621,3232.2,5609.4,9.00,1634259,15773090.1,18159764.1,11248501.1,2386674.0,8.5566666666666704,391.6,2834.7,4919.6,1663.9,3657.9,6389.1,7.2,131.90,20.2,279.3
1986-04-01,1986-06-30 23:59:59.999,8.8,99.0,106.2,109.400,7.00,57.553,3271.2,5683.9,8.50,1684939,16138261.3,18592448.3,11512574.3,2454187.0,7.6033333333333296,407.3,2863.0,4974.6,1688.3,3700.1,6425.9,7.2,134.65,20.6,288.6
1986-07-01,1986-09-30 23:59:59.999,7.9,99.3,107.3,110.000,6.68,57.846,3311.2,5724.1,7.50,1742445,16290761.3,18829654.3,11571806.3,2538893.0,7.3066666666666704,445.7,2929.7,5064.7,1713.0,3750.0,6485.0,7.0,136.69,21.2,260.9
1986-10-01,1986-12-31 23:59:59.999,7.4,99.8,107.5,110.800,6.56,58.192,3336.9,5734.4,7.50,1811744,16840334.2,19467700.2,12044956.2,2627366.0,7.2633333333333296,441.1,2966.1,5097.1,1746.0,3792.4,6530.4,6.6,138.79,22.4,248.6
1987-01-01,1987-03-31 23:59:59.999,8.3,98.4,108.7,112.200,6.79,58.814,3400.4,5781.6,7.50,1839271,17494585.1,20129429.1,12542263.1,2634844.0,7.1933333333333296,418.5,2998.3,5097.9,1782.4,3850.6,6564.2,6.6,141.53,22.1,281.6
1987-04-01,1987-06-30 23:59:59.999,6.2,98.3,109.7,113.500,7.76,59.374,3399.5,5725.5,8.25,1871150,17783976.8,20509900.8,12751902.8,2725924.0,8.3433333333333408,439.1,3068.8,5168.6,1817.4,3910.6,6595.3,6.2,143.75,22.9,209.6
1987-07-01,1987-09-30 23:59:59.999,6.8,99.2,113.2,114.700,8.93,59.931,3493.7,5829.6,8.75,1893110,18195250.5,20998026.5,13076041.5,2802776.0,8.8766666666666704,460.5,3133.5,5228.5,1852.3,3982.2,6658.9,5.9,145.35,23.9,237.1
1987-10-01,1987-12-31 23:59:59.999,7.8,99.9,117.1,115.600,8.04,60.457,3571.5,5907.5,8.75,1954065,18021849.7,20857071.7,12814437.7,2835222.0,9.1233333333333296,449.9,3167.6,5239.5,1890.9,4077.9,6803.4,5.7,146.28,24.0,280.0
1988-01-01,1988-03-31 23:59:59.999,7.6,100.6,121.6,116.500,7.66,60.926,3651.7,5993.7,8.50,1996711,18495175.6,21371810.6,13161799.6,2876635.0,8.4166666666666608,470.4,3249.0,5332.7,1940.2,4152.8,6833.9,5.7,148.57,24.9,277.3
1988-04-01,1988-06-30 23:59:59.999,7.9,102.1,126.2,118.000,8.18,61.599,3730.0,6055.2,9.00,2013414,18900198.7,21863516.7,13436486.7,2963318.0,8.91,473.2,3309.0,5371.8,1982.2,4226.8,6878.0,5.4,151.53,25.5,293.5
1988-07-01,1988-09-30 23:59:59.999,8.0,104.0,132.6,119.500,8.52,62.358,3812.3,6113.5,10.00,2051735,19209232.6,22251386.6,13652641.6,3042154.0,9.1,470.4,3378.3,5417.7,2037.2,4317.9,6936.3,5.4,153.10,25.6,304.4
1988-10-01,1988-12-31 23:59:59.999,7.8,106.0,138.5,120.700,9.18,62.983,3887.7,6172.6,10.50,2095179,19691166.7,22827765.7,14063483.7,3136599.0,8.9566666666666704,486.2,3451.3,5479.7,2078.8,4403.9,7019.4,5.3,154.54,26.6,303.8
1989-01-01,1989-03-31 23:59:59.999,8.4,110.8,147.8,122.200,9.66,63.689,3979.8,6248.8,11.50,2133419,20138210.6,23311075.9,14383733.9,3172865.3,9.2066666666666592,486.4,3506.1,5505.0,2117.1,4531.1,7146.4,5.0,156.30,27.1,335.8
1989-04-01,1989-06-30 23:59:59.999,7.7,114.2,155.5,124.100,8.05,64.538,4021.0,6230.4,11.00,2142122,20530456.8,23789300.1,14694770.1,3258843.3,8.7733333333333296,493.3,3569.5,5530.9,2148.4,4586.0,7108.5,5.3,158.48,27.7,309.5
1989-07-01,1989-09-30 23:59:59.999,7.4,115.9,160.9,124.800,8.46,64.906,4071.5,6272.8,10.50,2180726,21076641.0,24415440.3,15089460.3,3338799.3,8.1066666666666688,505.6,3625.6,5585.9,2183.6,4641.4,7168.0,5.3,161.83,28.1,301.9
1989-10-01,1989-12-31 23:59:59.999,7.7,118.1,167.0,126.300,7.87,65.415,4136.3,6323.2,10.50,2245171,21447896.8,24869361.2,15404737.2,3421464.4,7.9066666666666704,491.9,3670.1,5610.5,2226.9,4714.5,7213.6,5.4,163.16,29.3,318.8
1990-01-01,1990-03-31 23:59:59.999,7.8,118.8,170.0,128.600,8.69,66.349,4230.7,6376.5,10.00,2329264,21537875.2,25018344.0,15419475.0,3480468.8,8.4233333333333392,515.4,3754.5,5658.7,2264.9,4811.3,7261.4,5.2,164.08,29.3,328.1
1990-04-01,1990-06-30 23:59:59.999,8.0,119.2,169.7,129.900,8.32,66.946,4294.4,6414.7,10.00,2368772,21762473.9,25316982.5,15658848.5,3554508.5,8.6766666666666608,498.4,3800.2,5676.4,2320.9,4887.0,7305.9,5.2,164.75,29.7,345.3
1990-07-01,1990-09-30 23:59:59.999,7.7,120.9,169.7,132.500,8.19,67.787,4349.9,6417.0,10.00,2437551,21529548.0,25156779.0,15430056.0,3627230.9,8.7033333333333296,493.6,3863.4,5699.3,2366.7,4948.7,7284.8,5.9,165.75,31.2,334.5
1990-10-01,1990-12-31 23:59:59.999,7.6,121.5,165.9,134.200,7.40,68.676,4372.0,6366.2,10.00,2536545,21994978.1,25684834.5,15951848.5,3689856.4,8.3966666666666704,480.9,3884.4,5656.2,2384.7,4970.9,7262.3,6.3,165.11,32.1,333.9
1991-01-01,1991-03-31 23:59:59.999,8.1,121.8,174.9,134.800,7.30,69.016,4403.0,6379.7,9.00,2598351,22594962.1,26296995.3,16503335.3,3702033.2,8.0166666666666608,471.7,3890.2,5636.7,2404.4,4981.5,7227.5,6.8,166.49,34.7,356.3
1991-04-01,1991-06-30 23:59:59.999,8.0,122.2,179.8,136.000,7.33,69.382,4457.0,6423.9,8.50,2642863,22598720.1,26371603.9,16522196.9,3772883.8,8.13,475.2,3943.7,5684.0,2446.7,5040.7,7290.1,6.9,167.61,35.9,355.2
1991-07-01,1991-09-30 23:59:59.999,7.9,121.9,182.8,137.000,6.28,69.851,4503.4,6447.2,8.00,2745729,22862303.6,26686441.4,16795987.4,3824137.9,7.94,484.3,3989.6,5711.6,2480.9,5091.4,7307.9,6.9,167.89,37.2,354.7
1991-10-01,1991-12-31 23:59:59.999,8.7,121.2,183.2,138.200,5.11,70.351,4574.5,6502.3,6.50,2833034,23420749.7,27322775.7,17376920.7,3902026.0,7.3466666666666704,477.5,4017.1,5710.1,2518.9,5170.8,7397.1,7.3,170.27,38.9,397.3
1992-01-01,1992-03-31 23:59:59.999,9.1,120.1,184.8,139.100,6.17,70.783,4701.4,6641.9,6.50,2917630,23475267.2,27391751.7,17345719.7,3916484.5,7.3033333333333296,496.2,4117.7,5817.3,2583.8,5287.9,7492.7,7.4,171.58,36.5,427.1
1992-04-01,1992-06-30 23:59:59.999,9.4,119.1,187.7,140.100,5.39,71.252,4782.0,6711.4,6.50,2976774,23573160.9,27538742.2,17444490.2,3965581.2,7.3766666666666688,501.0,4173.4,5857.2,2625.2,5386.8,7594.4,7.8,171.55,38.4,451.1
1992-07-01,1992-09-30 23:59:59.999,8.8,117.2,190.5,141.100,4.34,71.706,4833.5,6740.7,6.00,3048291,23848954.5,27879000.3,17690698.3,4030045.8,6.6166666666666696,512.1,4245.4,5920.6,2672.3,5447.3,7584.3,7.6,173.49,45.7,425.1
1992-10-01,1992-12-31 23:59:59.999,8.2,115.9,193.2,142.300,5.12,72.211,4884.2,6763.8,6.00,3129308,24454940.2,28565605.3,18291700.3,4110665.0,6.7433333333333296,523.1,4326.2,5991.1,2728.3,5521.1,7831.0,7.4,174.38,41.4,400.8
1993-01-01,1993-03-31 23:59:59.999,8.3,116.5,196.0,143.300,4.42,72.641,4940.8,6801.7,6.00,3187556,24808933.9,28927799.0,18631452.0,4118865.1,6.28,527.9,4368.5,6013.8,2761.5,5555.4,7642.4,7.0,174.44,44.3,411.5
1993-04-01,1993-06-30 23:59:59.999,7.7,116.4,200.5,144.300,4.39,73.131,4982.9,6813.7,6.00,3252285,25076856.4,29266121.9,18858396.9,4189265.4,5.99,547.8,4437.5,6067.8,2803.3,5624.3,7681.5,7.0,176.10,45.0,384.0
1993-07-01,1993-09-30 23:59:59.999,6.8,115.0,207.0,145.000,4.24,73.451,5007.7,6817.7,6.00,3294796,25427728.4,29711505.8,19189461.8,4283777.3,5.6166666666666696,556.6,4506.0,6134.8,2856.9,5664.6,7706.3,6.7,177.52,46.0,340.6
1993-10-01,1993-12-31 23:59:59.999,6.6,115.9,215.4,146.300,4.58,73.872,5069.5,6862.5,6.00,3382197,25882004.7,30263779.9,19617995.9,4381775.2,5.6066666666666704,573.8,4572.0,6189.1,2893.0,5742.7,7957.9,6.5,178.98,47.2,334.4
1994-01-01,1994-03-31 23:59:59.999,6.2,116.1,224.9,147.100,5.66,74.134,5123.1,6910.6,6.25,3434208,26022476.9,30436175.6,19692989.6,4413698.7,6.0666666666666696,588.8,4640.9,6260.1,2935.2,5794.2,7833.1,6.5,180.13,48.6,317.5
1994-04-01,1994-06-30 23:59:59.999,6.4,119.5,233.0,147.900,6.52,74.547,5206.2,6983.8,7.25,3442868,26191333.4,30688789.3,19813873.3,4497456.0,7.0833333333333304,598.7,4702.9,6308.6,2976.1,5901.5,7913.2,6.1,181.23,49.6,334.3
1994-07-01,1994-09-30 23:59:59.999,6.2,124.8,239.2,149.300,6.92,75.079,5274.5,7025.3,7.75,3479652,26550302.6,31139332.0,20143306.0,4589029.5,7.3333333333333296,609.3,4773.1,6357.5,3014.2,5967.3,7974.2,5.9,181.98,50.3,326.3
1994-10-01,1994-12-31 23:59:59.999,6.5,127.4,243.6,150.100,7.80,75.432,5373.0,7122.9,8.50,3543118,26793131.8,31503245.8,20410869.8,4710114.0,7.8366666666666688,631.8,4847.2,6425.9,3052.4,6075.9,8078.5,5.5,181.82,50.9,347.5
1995-01-01,1995-03-31 23:59:59.999,7.1,131.5,246.9,151.200,6.92,75.794,5450.3,7190.9,9.00,3609459,27365373.9,32105372.5,20925004.5,4739998.7,7.4833333333333296,621.3,4883.3,6442.9,3095.2,6170.3,8160.4,5.4,182.79,50.8,384.6
1995-04-01,1995-06-30 23:59:59.999,6.3,141.3,252.4,152.400,5.88,76.222,5493.5,7207.3,9.00,3634808,27902632.8,32736312.2,21459581.2,4833679.4,6.62,626.9,4955.0,6500.7,3151.1,6235.7,8202.4,5.6,185.77,51.3,345.9
1995-07-01,1995-09-30 23:59:59.999,6.2,145.9,260.7,153.100,5.91,76.528,5564.8,7271.6,8.75,3653199,28565237.7,33511363.7,22121530.7,4946126.0,6.3233333333333296,642.5,5020.5,6560.3,3194.2,6312.5,8273.7,5.6,188.61,53.0,345.5
1995-10-01,1995-12-31 23:59:59.999,6.0,151.6,271.9,153.900,5.25,76.864,5621.6,7313.8,8.50,3684209,29234675.2,34276422.9,22778713.9,5041747.7,5.8933333333333296,652.2,5077.9,6606.4,3234.0,6387.3,8328.0,5.6,190.11,56.5,335.7
1996-01-01,1996-03-31 23:59:59.999,6.0,153.7,285.1,155.500,5.91,77.295,5707.2,7383.7,8.25,3764019,29862967.8,34966943.3,23329720.3,5103975.5,5.91,659.8,5153.8,6667.7,3282.8,6503.8,8457.4,5.5,192.26,55.5,344.3
1996-04-01,1996-06-30 23:59:59.999,5.9,156.7,297.4,156.700,6.30,77.805,5799.8,7454.3,8.25,3738633,30282198.4,35488093.1,23748535.1,5205894.7,6.72,676.3,5244.1,6740.1,3328.3,6634.2,8576.8,5.3,192.57,57.3,341.7
1996-07-01,1996-09-30 23:59:59.999,6.0,161.3,308.3,157.700,6.28,78.138,5871.1,7513.7,8.25,3777808,30581915.2,35883959.6,24025501.6,5302044.4,6.78,679.4,5298.3,6780.7,3372.4,6709.5,8612.2,5.2,193.45,58.2,353.3
1996-10-01,1996-12-31 23:59:59.999,5.8,164.6,317.9,159.100,6.04,78.667,5941.6,7552.9,8.25,3825994,30962222.9,36366398.2,24381293.2,5404175.3,6.3433333333333304,689.6,5376.1,6834.0,3418.1,6800.1,8675.8,5.4,194.94,59.3,341.7
1997-01-01,1997-03-31 23:59:59.999,5.7,164.9,326.2,159.800,6.60,79.014,6027.7,7628.7,8.50,3874106,31376331.4,36823485.5,24652745.5,5447154.2,6.5633333333333296,705.6,5456.7,6906.1,3470.0,6924.2,8800.4,5.2,196.58,62.3,343.8
1997-04-01,1997-06-30 23:59:59.999,6.0,170.4,334.2,160.200,6.25,79.209,6094.3,7693.9,8.50,3804568,32809665.8,38357003.8,26047827.8,5547338.0,6.6966666666666696,696.6,5495.1,6937.4,3520.6,7004.8,8877.1,5.0,198.22,63.1,365.7
1997-07-01,1997-09-30 23:59:59.999,5.5,174.9,341.9,161.200,5.88,79.413,6182.7,7785.5,8.50,3816381,33910656.5,39567576.0,27093002.0,5656919.6,6.2433333333333296,722.8,5603.5,7056.1,3583.0,7118.1,8999.2,4.9,200.95,64.2,340.2
1997-10-01,1997-12-31 23:59:59.999,5.7,178.2,349.3,161.800,5.68,79.659,6290.7,7897.1,8.50,3846706,34407554.7,40164579.1,27476389.1,5757024.4,5.9066666666666696,737.2,5687.6,7139.9,3642.2,7252.9,9161.5,4.7,203.56,65.8,359.2
1998-01-01,1998-03-31 23:59:59.999,6.8,176.6,355.6,162.000,5.61,79.655,6424.4,8065.3,8.50,3872048,36189801.9,42003202.2,29054043.2,5813400.3,5.5866666666666696,737.7,5745.9,7213.6,3701.2,7414.6,9368.4,4.7,206.60,65.9,435.9
1998-04-01,1998-06-30 23:59:59.999,6.4,184.4,358.2,162.800,5.49,79.796,6525.7,8178.0,8.50,3790379,36744235.8,42700135.5,29505844.5,5955899.8,5.5966666666666704,769.2,5857.8,7341.0,3768.3,7542.1,9502.2,4.5,208.46,68.1,415.4
1998-07-01,1998-09-30 23:59:59.999,6.1,186.4,356.8,163.500,4.26,80.037,6612.1,8261.4,8.25,3762333,35823122.9,41882649.3,28406358.3,6059526.4,5.2033333333333296,785.0,5952.8,7437.5,3832.7,7649.4,9592.5,4.6,211.37,70.4,402.6
1998-10-01,1998-12-31 23:59:59.999,5.5,186.1,351.2,164.400,4.55,80.240,6682.8,8328.5,7.75,3787391,38228733.9,44426916.6,30648156.6,6198182.7,4.67,825.2,6055.5,7546.8,3875.1,7744.8,9681.7,4.4,213.87,73.7,367.4
1999-01-01,1999-03-31 23:59:59.999,5.5,183.1,343.0,164.800,5.07,80.447,6760.0,8403.1,7.75,3794549,38927698.3,45208352.6,31181022.6,6280654.3,4.9833333333333296,819.9,6129.0,7618.7,3924.2,7833.5,9758.8,4.2,216.13,73.7,374.3
1999-04-01,1999-06-30 23:59:59.999,4.3,188.4,340.3,166.000,5.59,80.876,6812.9,8423.9,7.75,3685167,40150046.6,46577499.5,32289066.5,6427452.9,5.54,854.8,6253.0,7731.5,3980.3,7903.7,9804.1,4.3,219.02,76.3,295.3
1999-07-01,1999-09-30 23:59:59.999,3.9,192.0,345.1,167.800,5.70,81.302,6894.7,8480.3,8.25,3667597,39958707.0,46546148.9,31916073.9,6587441.9,5.8833333333333304,871.2,6357.2,7819.3,4046.3,8010.9,9867.2,4.2,222.12,77.2,268.2
1999-10-01,1999-12-31 23:59:59.999,3.9,197.2,357.2,168.800,6.29,81.784,7037.6,8605.1,8.50,3715531,43120389.6,49873896.2,34910462.2,6753506.6,6.14,876.3,6488.9,7934.1,4130.3,8187.2,10090.9,4.0,224.42,77.8,273.7
2000-01-01,2000-03-31 23:59:59.999,4.3,203.7,374.3,171.000,6.44,82.469,7236.3,8774.6,9.00,3687974,44441497.0,51318827.9,35914375.9,6877330.9,6.4800000000000008,920.9,6642.7,8054.9,4230.0,8441.0,10266.4,4.0,228.71,82.0,307.8
2000-04-01,2000-06-30 23:59:59.999,4.3,210.9,385.5,172.200,6.31,82.847,7344.9,8865.6,9.50,3495713,44020467.8,51045618.8,35164698.8,7025151.0,6.1766666666666704,901.9,6737.3,8132.2,4300.5,8571.0,10372.8,4.0,232.44,82.8,313.9
2000-07-01,2000-09-30 23:59:59.999,4.3,225.0,388.9,173.600,5.91,83.363,7477.0,8969.2,9.50,3438416,44694287.5,51904625.0,35483459.0,7210337.5,5.8933333333333296,911.7,6845.1,8211.3,4376.3,8720.6,10476.5,3.9,236.65,83.8,323.0
2000-10-01,2000-12-31 23:59:59.999,3.8,230.5,384.6,174.600,5.06,83.825,7543.8,8999.5,9.50,3413541,43839544.0,51188478.5,34263840.5,7348934.5,5.5666666666666696,915.8,6944.4,8284.4,4451.3,8798.5,10506.0,3.9,240.31,85.1,283.9
2001-01-01,2001-03-31 23:59:59.999,4.2,226.8,372.8,176.100,4.33,84.386,7659.1,9076.2,8.00,3434386,42920354.9,50315825.4,32950626.4,7395470.5,5.05,926.8,7020.4,8319.4,4521.5,8956.7,10651.3,4.3,246.23,88.9,322.9
2001-04-01,2001-06-30 23:59:59.999,3.9,225.7,367.0,177.700,4.52,84.790,7689.0,9068.2,6.75,3274176,44095427.2,51692040.3,33963914.3,7596613.1,5.2699999999999992,919.5,7072.1,8340.8,4562.4,8993.4,10587.8,4.5,250.35,90.6,300.6
2001-07-01,2001-09-30 23:59:59.999,5.8,223.8,365.6,178.100,3.22,84.854,7876.7,9282.6,6.00,3338707,42618959.0,50462395.1,32290437.1,7843436.1,4.9800000000000008,923.9,7103.4,8371.2,4588.5,8986.2,10599.4,5.0,254.23,92.2,457.4
2001-10-01,2001-12-31 23:59:59.999,3.3,216.5,371.2,177.400,3.59,84.910,7784.4,9167.8,4.75,3393758,44158396.4,52132386.9,33674990.9,7973990.5,4.7699999999999992,995.9,7216.6,8499.1,4639.1,9012.0,10633.0,5.7,257.39,92.3,258.9
2002-01-01,2002-03-31 23:59:59.999,5.4,211.1,385.4,178.500,4.31,85.064,7988.2,9390.8,4.75,3443674,44825153.0,52930211.5,34145896.5,8105058.5,5.0766666666666696,974.9,7251.4,8524.6,4691.8,9053.4,10628.8,5.7,261.10,95.2,430.6
2002-04-01,2002-06-30 23:59:59.999,5.4,215.8,397.3,179.600,3.37,85.719,8090.5,9438.4,4.75,3463544,43787630.9,52082962.4,32882139.4,8295331.5,5.1,979.7,7344.5,8568.1,4756.7,9135.5,10677.5,5.8,265.52,95.8,434.4
2002-07-01,2002-09-30 23:59:59.999,4.6,215.2,402.0,180.800,2.02,86.151,8120.8,9426.3,4.75,3552588,42548271.8,51038953.3,31382239.3,8490681.5,4.26,1003.5,7433.1,8628.0,4813.0,9169.6,10643.2,5.7,270.79,97.7,374.8
2002-10-01,2002-12-31 23:59:59.999,4.6,209.9,409.8,181.800,1.99,86.545,8197.2,9471.6,4.25,3647385,43672113.0,52430018.5,32381105.5,8757905.5,4.0066666666666704,983.3,7507.2,8674.4,4880.4,9239.6,10696.3,6.0,274.65,99.4,380.7
2003-01-01,2003-03-31 23:59:59.999,4.6,202.6,409.6,183.900,1.93,87.156,8278.1,9498.0,4.25,3710779,43928971.3,52879093.3,32429721.3,8950122.0,3.92,974.0,7593.5,8712.5,4937.0,9296.0,10674.8,5.9,277.99,99.0,382.9
2003-04-01,2003-06-30 23:59:59.999,4.9,211.1,411.1,183.100,1.66,87.231,8405.2,9635.5,4.00,3816279,45728565.9,55055811.4,34198317.4,9327245.5,3.62,1007.8,7684.6,8809.5,5008.3,9419.9,10855.4,6.3,281.37,101.0,408.5
2003-07-01,2003-09-30 23:59:59.999,5.1,213.3,434.6,185.100,1.95,87.764,8595.1,9793.4,4.00,3924045,46698210.6,56280474.6,34926787.6,9582264.0,4.2333333333333296,1042.3,7845.5,8939.4,5080.4,9545.8,10889.9,6.1,285.67,100.0,436.2
2003-10-01,2003-12-31 23:59:59.999,4.7,212.4,473.6,185.500,2.37,88.119,8664.8,9833.0,4.00,4044054,49028558.5,58861276.5,36931987.5,9832718.0,4.2866666666666696,1046.0,7938.5,9008.8,5150.2,9684.9,11023.0,5.7,293.73,106.7,407.2
2004-01-01,2004-03-31 23:59:59.999,4.5,211.2,513.8,187.100,1.99,88.791,8794.5,9904.7,4.00,4176667,51230686.8,61259888.2,38600953.2,10029201.4,4.0199999999999992,1062.3,8076.8,9096.4,5235.3,9802.8,11068.8,5.8,298.31,108.3,398.2
2004-04-01,2004-06-30 23:59:59.999,4.8,216.5,541.4,188.900,3.16,89.415,8943.5,10002.3,4.25,4218734,52426627.8,62777199.7,39304200.7,10350571.9,4.6,1071.7,8186.3,9155.5,5313.1,9966.8,11169.7,5.6,305.56,110.5,430.2
2004-07-01,2004-09-30 23:59:59.999,4.3,225.4,547.1,189.800,2.89,89.935,9042.9,10054.9,4.75,4303366,53351992.7,63966984.6,39757006.6,10614991.9,4.3033333333333304,1084.2,8312.7,9243.0,5402.5,10105.8,11256.8,5.4,317.23,111.7,393.2
2004-10-01,2004-12-31 23:59:59.999,4.5,234.0,646.0,191.700,3.25,90.645,9228.2,10180.6,5.25,4406352,55951268.0,66955346.3,41948770.3,11004078.4,4.1733333333333304,1101.1,8464.3,9337.8,5488.2,10317.6,11626.1,5.4,323.97,111.5,418.5
2005-01-01,2005-03-31 23:59:59.999,2.8,239.7,554.5,193.100,3.96,91.114,9186.6,10082.5,5.75,4572397,57075526.6,68275646.0,42325490.0,11200119.4,4.2966666666666704,1110.5,8573.1,9409.2,5566.7,10354.3,11388.9,5.2,331.43,119.2,254.6
2005-04-01,2005-06-30 23:59:59.999,2.4,250.0,569.2,193.700,3.67,91.720,9320.8,10162.3,6.25,4527630,58593834.2,70119055.6,43202035.6,11525221.4,4.16,1140.6,8723.9,9511.5,5666.5,10513.8,11504.2,5.0,342.01,119.4,227.5
2005-07-01,2005-09-30 23:59:59.999,2.2,253.1,574.5,198.800,4.18,92.726,9471.5,10214.5,6.75,4601378,60226580.0,72099111.4,44347466.4,11872531.4,4.2133333333333304,1145.4,8888.1,9585.2,5762.6,10693.3,11501.6,5.0,352.30,119.7,210.6
2005-10-01,2005-12-31 23:59:59.999,2.7,252.4,615.0,198.100,4.37,93.452,9624.4,10298.7,7.25,4714607,61844178.5,74006588.8,45474800.8,12162410.4,4.49,1112.4,8991.3,9621.3,5859.4,10875.7,11707.0,4.9,360.27,121.7,259.0
2006-01-01,2006-03-31 23:59:59.999,3.7,263.2,685.2,199.700,4.83,93.885,9889.8,10534.0,7.75,4872804,63880317.6,76405280.9,47313774.9,12524963.4,4.57,1153.3,9134.3,9729.2,5942.4,11205.5,11974.9,4.7,366.04,121.8,370.5
2006-04-01,2006-06-30 23:59:59.999,3.3,267.8,715.9,201.800,5.13,94.609,9981.1,10549.8,8.25,4797450,63764393.7,76630374.0,47391511.0,12865980.4,5.07,1147.0,9253.7,9781.0,6031.4,11325.3,11983.0,4.6,369.81,128.2,331.3
2006-07-01,2006-09-30 23:59:59.999,3.0,277.2,732.6,202.800,4.62,95.286,10081.2,10579.9,8.25,4843208,64315348.3,77510335.7,48156245.7,13194987.4,4.8966666666666704,1158.0,9374.3,9838.1,6106.8,11435.1,12053.3,4.5,372.91,129.8,299.9
2006-10-01,2006-12-31 23:59:59.999,3.1,292.3,761.0,203.100,4.74,95.122,10195.5,10718.4,8.25,4901208,66339024.1,79800562.5,50306432.5,13461538.4,4.63,1166.1,9453.6,9938.4,6192.2,11590.1,12233.2,4.4,376.71,133.2,316.4
2007-01-01,2007-03-31 23:59:59.999,3.3,288.1,779.6,205.288,4.54,96.008,10358.0,10788.7,8.25,5054278,67315652.2,80960713.6,51518939.6,13645061.4,4.68,1173.4,9591.9,9990.7,6289.7,11815.3,12347.8,4.4,378.14,137.4,340.6
2007-04-01,2007-06-30 23:59:59.999,3.0,304.6,820.3,207.234,4.89,96.771,10460.5,10809.5,8.25,4943033,67874411.9,81815945.3,52720781.3,13941533.4,4.8466666666666704,1184.9,9700.9,10024.6,6349.8,11943.2,12333.3,4.6,377.91,139.3,315.6
2007-07-01,2007-09-30 23:59:59.999,2.7,318.1,831.2,208.547,4.03,97.319,10547.3,10837.9,7.75,5049242,67867139.9,82055795.3,53369330.3,14188655.4,4.7300000000000008,1190.2,9799.2,10069.2,6424.7,12042.1,12397.0,4.7,373.77,141.4,288.6
2007-10-01,2007-12-31 23:59:59.999,2.8,312.6,835.1,211.445,3.07,98.296,10662.2,10847.0,7.25,5136288,66753453.7,81149211.1,52973562.1,14395757.4,4.26,1190.1,9910.0,10081.8,6491.4,12178.9,12421.5,5.0,372.73,143.0,296.5
2008-01-01,2008-03-31 23:59:59.999,3.8,301.0,865.1,213.448,1.79,99.139,10831.2,10925.3,5.25,5334048,64402500.0,78930861.3,51560972.3,14528361.4,3.6633333333333296,1152.3,9974.4,10061.0,6568.1,12360.6,12494.5,5.1,370.19,147.0,408.8
2008-04-01,2008-06-30 23:59:59.999,5.7,291.8,827.1,217.463,2.91,100.177,11175.4,11155.7,5.00,5285025,62907629.9,77360692.3,50930572.3,14453062.4,3.8866666666666696,1139.8,10095.8,10077.9,6637.0,12512.4,12466.5,5.6,361.09,150.4,637.5
2008-07-01,2008-09-30 23:59:59.999,4.2,292.2,797.4,218.877,2.28,101.197,11029.7,10899.2,5.00,5814240,60743587.1,75325251.5,49514788.5,14581664.4,3.8633333333333304,1101.9,10124.9,10005.1,6674.6,12472.1,12340.5,6.1,349.92,152.8,459.9
2008-10-01,2008-12-31 23:59:59.999,6.1,273.5,732.2,211.398,1.00,99.746,10941.4,10969.2,3.25,6372651,56499554.4,70779428.8,45998557.8,14279874.4,3.25333333333333,1015.1,9859.6,9884.7,6672.1,12373.4,12383.7,7.3,346.82,145.5,662.7
2009-01-01,2009-03-31 23:59:59.999,6.2,271.9,666.3,212.495,1.15,99.182,10858.9,10948.5,3.25,6836338,54947955.3,69053701.7,45117594.7,14105746.4,2.73666666666667,1012.0,9770.2,9850.8,6633.3,12054.4,12090.1,8.7,349.41,147.0,669.8
2009-04-01,2009-06-30 23:59:59.999,7.2,277.6,562.4,214.790,1.64,99.626,10985.2,11026.4,3.25,7176464,55871215.5,69951144.9,46321462.9,14079929.4,3.31333333333333,1004.8,9769.8,9806.4,6621.4,12110.4,12080.5,9.5,340.13,148.7,789.2
2009-07-01,2009-09-30 23:59:59.999,5.6,279.2,505.5,215.861,1.45,100.253,10933.0,10905.4,3.25,7554537,57385979.3,71466439.7,47933205.7,14080460.4,3.51666666666667,1045.8,9890.8,9865.9,6645.9,12059.5,12028.2,9.8,331.16,149.6,613.5
2009-10-01,2009-12-31 23:59:59.999,5.6,267.1,480.8,217.347,1.70,100.936,10993.0,10891.0,3.25,7814359,58247341.3,72310506.7,48617541.7,14063165.4,3.46,1030.7,9957.1,9864.8,6693.6,12125.5,12048.4,9.9,328.82,153.1,615.6
2010-01-01,2010-03-31 23:59:59.999,5.2,259.2,504.6,217.353,1.60,101.279,11041.5,10902.0,3.25,8294251,59272973.6,73195920.0,49483412.0,13922946.4,3.7166666666666696,1040.2,10044.5,9917.7,6739.7,12187.1,12043.4,9.9,324.89,158.4,579.4
2010-04-01,2010-06-30 23:59:59.999,5.8,252.4,524.1,217.199,1.00,101.393,11197.6,11043.8,3.25,8639220,58358817.7,72227235.1,48506753.1,13868417.4,3.4900000000000004,1064.7,10137.7,9998.4,6812.0,12365.6,12231.9,9.4,322.05,155.2,652.3
2010-07-01,2010-09-30 23:59:59.999,5.8,246.8,555.2,218.275,0.64,101.693,11286.7,11098.8,3.25,9027611,60018147.1,73840524.5,50430704.5,13822377.4,2.78666666666667,1075.1,10233.4,10063.1,6871.0,12496.1,12300.6,9.5,325.19,156.5,650.0
2010-10-01,2010-12-31 23:59:59.999,5.5,244.7,594.6,220.472,1.02,102.233,11425.7,11176.2,3.25,9395411,62462429.7,76244635.0,52905698.0,13782205.4,2.86333333333333,1102.8,10393.2,10166.1,6934.8,12668.6,12462.6,9.3,322.88,157.4,630.5
2011-01-01,2011-03-31 23:59:59.999,6.2,243.3,637.0,223.044,1.29,102.999,11652.2,11312.9,3.25,9656573,63984496.3,77714619.7,54479177.7,13730123.4,3.46,1115.3,10523.5,10217.1,6989.6,13025.1,12646.3,9.0,313.99,158.3,727.0
2011-04-01,2011-06-30 23:59:59.999,6.0,240.5,661.1,224.841,0.81,104.041,11751.7,11295.2,3.25,9746879,64281050.0,77926433.3,54736909.3,13645383.4,3.21,1112.3,10651.4,10237.7,7063.4,13142.2,12669.3,9.1,308.71,158.8,701.0
2011-07-01,2011-09-30 23:59:59.999,6.1,243.0,697.5,226.676,0.42,104.593,11876.6,11355.1,3.25,10132039,61757193.3,75324800.7,52088830.7,13567607.4,2.42666666666667,1123.8,10754.5,10282.2,7141.4,13294.8,12686.1,9.0,311.24,158.8,720.3
2011-10-01,2011-12-31 23:59:59.999,5.8,238.7,733.4,227.145,0.36,104.954,11924.9,11362.0,3.25,10452503,63675627.6,77250105.0,53879001.0,13574477.4,2.04666666666667,1149.8,10827.9,10316.8,7177.0,13345.8,12778.7,8.5,312.73,162.2,696.2
2012-01-01,2012-03-31 23:59:59.999,6.7,242.4,750.8,228.866,0.51,105.508,12186.0,11549.8,3.25,10876394,65841108.9,79400670.3,55718623.3,13559561.4,2.03666666666667,1177.3,10959.7,10387.6,7250.1,13650.7,12982.7,8.2,309.50,163.0,821.0
2012-04-01,2012-06-30 23:59:59.999,7.0,240.0,779.1,228.626,0.41,105.858,12296.6,11616.2,3.25,11048217,66030471.4,79614726.8,55493467.8,13584255.4,1.82333333333333,1179.4,11030.6,10420.2,7313.3,13776.1,13029.5,8.2,308.45,163.1,863.0
2012-07-01,2012-09-30 23:59:59.999,6.5,244.0,792.7,231.104,0.31,106.202,12323.8,11604.1,3.25,11274396,68229692.3,81787540.7,57194063.7,13557848.4,1.64333333333333,1195.4,11119.8,10470.4,7367.9,13828.9,13068.6,7.8,312.42,159.7,800.3
2012-10-01,2012-12-31 23:59:59.999,8.6,240.0,1008.1,231.165,0.36,106.673,12729.7,11933.4,3.25,11586560,69511570.5,83156654.9,58082989.9,13645084.4,1.7066666666666702,1216.1,11222.6,10520.6,7433.8,14295.1,13714.8,7.9,314.98,166.6,1100.5
2013-01-01,2013-03-31 23:59:59.999,4.7,243.5,790.4,232.245,0.36,106.949,12340.4,11538.6,3.25,11922454,72295027.3,85889598.7,60122946.7,13594571.4,1.95,1237.8,11351.1,10613.7,7518.9,13977.2,13125.8,7.5,316.63,166.0,579.8
2013-04-01,2013-06-30 23:59:59.999,5.2,243.4,828.4,232.583,0.66,107.072,12470.7,11647.0,3.25,11906573,73846214.8,87464051.2,60954527.2,13617836.4,1.99666666666667,1245.4,11414.3,10660.4,7593.2,14131.3,13226.7,7.5,321.78,166.2,646.9
2013-07-01,2013-09-30 23:59:59.999,5.2,250.8,848.4,233.773,0.63,107.517,12585.8,11705.9,3.25,11980978,76209175.6,89943232.0,62806533.0,13734056.4,2.71,1252.4,11518.7,10713.3,7653.4,14247.4,13292.9,7.2,327.25,163.6,652.8
2013-10-01,2013-12-31 23:59:59.999,4.4,250.8,831.0,234.697,0.78,107.787,12623.7,11711.7,3.25,12355194,78866167.8,92659740.2,64986161.2,13793572.4,2.74666666666667,1261.5,11653.3,10811.4,7767.2,14311.7,13266.9,6.7,330.75,166.7,552.9
2014-01-01,2014-03-31 23:59:59.999,4.9,249.8,828.0,235.790,0.90,108.153,12772.9,11810.1,3.25,12619199,80084265.2,93864946.6,65746107.6,13780681.4,2.76333333333333,1262.3,11728.5,10844.3,7837.8,14484.7,13456.8,6.6,333.69,168.6,626.1
2014-04-01,2014-06-30 23:59:59.999,5.1,251.3,857.0,237.348,0.88,108.780,12945.2,11900.4,3.25,12572021,81489717.9,95430244.7,67072061.7,13940526.8,2.62333333333333,1298.4,11870.7,10912.6,7906.2,14660.5,13497.4,6.1,341.17,167.5,655.6
2014-07-01,2014-09-30 23:59:59.999,4.8,260.9,871.8,237.626,1.07,109.113,13061.2,11970.3,3.25,12784809,81348808.3,95410006.1,66756576.1,14061197.8,2.49666666666667,1320.2,12002.0,10999.5,7990.4,14811.2,13605.1,5.9,346.26,170.2,628.1
2014-10-01,2014-12-31 23:59:59.999,4.7,265.7,884.9,236.284,1.10,108.994,13167.8,12081.2,3.25,NA,NA,NA,NA,NA,2.28,1328.8,12113.2,11113.6,8107.1,14959.9,13800.6,5.6,348.88,174.9,614.0
2015-01-01,2015-03-31 23:59:59.999,NA,NA,NA,234.677,1.09,NA,NA,NA,3.25,NA,NA,NA,NA,NA,NA,NA,NA,NA,NA,NA,13909.9,5.5,NA,NA,NA
2015-04-01,2015-06-30 23:59:59.999,NA,NA,NA,NA,NA,NA,NA,NA,NA,NA,NA,NA,NA,NA,NA,NA,NA,NA,NA,NA,NA,NA,NA,NA,NA
2015-07-01,2015-09-30 23:59:59.999,NA,NA,NA,NA,NA,NA,NA,NA,NA,NA,NA,NA,NA,NA,NA,NA,NA,NA,NA,NA,NA,NA,NA,NA,NA
2015-10-01,2015-12-31 23:59:59.999,NA,NA,NA,NA,NA,NA,NA,NA,NA,NA,NA,NA,NA,NA,NA,NA,NA,NA,NA,NA,NA,NA,NA,NA,NA
