dateid01,dateid,assets,assets_fin,assets_nonfinancial,c_deflator,consumer_sentiment,cpi,gov_debt,gov_transfers,house_prices,interest_payments,liabilities,mortgage_30y,n_piy,nc,ndc,ndy,net_worth,nly,nsc,ny,prime_rate,r_piy,rc,rdy,real_net_worth,rly,rnw,ry,saving,saving_rate,sb_1975_4,unemp,y_deflator,yield_10y,yield_3m
1945-01-01,1945-03-31 23:59:59.999,NA,NA,NA,NA,NA,NA,NA,NA,NA,NA,NA,NA,NA,NA,NA,NA,NA,NA,NA,NA,NA,NA,NA,NA,NA,NA,NA,NA,NA,NA,1,NA,NA,NA,NA
1945-04-01,1945-06-30 23:59:59.999,NA,NA,NA,NA,NA,NA,NA,NA,NA,NA,NA,NA,NA,NA,NA,NA,NA,NA,NA,NA,NA,NA,NA,NA,NA,NA,NA,NA,NA,NA,1,NA,NA,NA,NA
1945-07-01,1945-09-30 23:59:59.999,NA,NA,NA,NA,NA,NA,NA,NA,NA,NA,NA,NA,NA,NA,NA,NA,NA,NA,NA,NA,NA,NA,NA,NA,NA,NA,NA,NA,NA,NA,1,NA,NA,NA,NA
1945-10-01,1945-12-31 23:59:59.999,797839.9,608512.9,189327,NA,NA,NA,NA,NA,NA,NA,30584.0,NA,NA,NA,NA,NA,767255.9,NA,NA,NA,NA,NA,NA,NA,NA,NA,NA,NA,NA,NA,1,NA,NA,NA,NA
1946-01-01,1946-03-31 23:59:59.999,NA,NA,NA,NA,NA,NA,NA,NA,NA,NA,NA,NA,NA,NA,NA,NA,NA,NA,NA,NA,NA,NA,NA,NA,NA,NA,NA,NA,NA,NA,1,NA,NA,NA,NA
1946-04-01,1946-06-30 23:59:59.999,NA,NA,NA,NA,NA,NA,NA,NA,NA,NA,NA,NA,NA,NA,NA,NA,NA,NA,NA,NA,NA,NA,NA,NA,NA,NA,NA,NA,NA,NA,1,NA,NA,NA,NA
1946-07-01,1946-09-30 23:59:59.999,NA,NA,NA,NA,NA,NA,NA,NA,NA,NA,NA,NA,NA,NA,NA,NA,NA,NA,NA,NA,NA,NA,NA,NA,NA,NA,NA,NA,NA,NA,1,NA,NA,NA,NA
1946-10-01,1946-12-31 23:59:59.999,880826.8,660110.8,220716,NA,NA,NA,NA,NA,NA,NA,37441.0,NA,NA,NA,NA,NA,843385.8,NA,NA,NA,NA,NA,NA,NA,NA,NA,NA,NA,NA,NA,1,NA,NA,NA,NA
1947-01-01,1947-03-31 23:59:59.999,NA,NA,NA,0.13030,NA,22.000,NA,0.9,NA,0.9,NA,NA,6.0,156.3,20.7,171.0,NA,165.0,60.7,190.2,NA,46.04561403508772,1199.4,1312.3,NA,1266.2543859649122,NA,NA,12.9,7.5,1,NA,0.13030557037262822,NA,NA
1947-04-01,1947-06-30 23:59:59.999,NA,NA,NA,0.13135,NA,22.080,NA,0.8,NA,0.9,NA,NA,6.3,160.2,21.4,170.4,NA,164.1,61.9,189.9,NA,47.96725352112676,1219.3,1297.4,NA,1249.432746478873,NA,NA,8.5,5.0,1,NA,0.13133960228148606,NA,NA
1947-07-01,1947-09-30 23:59:59.999,NA,NA,NA,0.13380,NA,22.840,NA,0.9,NA,1.0,NA,NA,6.5,163.7,21.8,178.0,NA,171.5,63.2,197.8,NA,48.592977528089896,1223.3,1330.7,NA,1282.1070224719104,NA,NA,12.5,7.0,1,NA,0.13376418426392122,NA,NA
1947-10-01,1947-12-31 23:59:59.999,987385.7,706570.7,280815,0.13713,NA,23.410,NA,0.9,NA,1.0,46468.0,NA,6.4,167.8,23.5,179.8,940917.7,173.4,64.3,200.6,NA,46.682981090100104,1223.6,1311.5,6863256.7494438256,1264.8170189098998,NA,NA,10.2,5.7,1,NA,0.13709492947007246,NA,NA
1948-01-01,1948-03-31 23:59:59.999,NA,NA,NA,0.13865,NA,23.500,NA,1.0,NA,1.2,NA,NA,7.0,170.5,23.5,185.4,NA,178.4,65.4,206.6,NA,50.491370010787488,1229.8,1337.3,NA,1286.8086299892124,NA,NA,12.8,6.9,1,4.0,0.138637553278995,NA,NA
1948-04-01,1948-06-30 23:59:59.999,NA,NA,NA,0.14008,NA,24.150,NA,1.0,NA,1.3,NA,NA,6.7,174.3,24.0,193.2,NA,186.5,67.1,212.1,NA,47.82593167701864,1244.1,1379.1,NA,1331.2740683229812,NA,NA,16.7,8.6,1,3.6,0.14009136393299978,NA,NA
1948-07-01,1948-09-30 23:59:59.999,NA,NA,NA,0.14223,NA,24.360,NA,0.9,NA,1.3,NA,NA,7.1,177.2,25.3,199.4,NA,192.3,68.5,217.6,NA,49.91008024072216,1245.9,1401.7,NA,1351.7899197592778,NA,NA,19.9,10.0,1,3.8,0.1422558322037526,NA,NA
1948-10-01,1948-12-31 23:59:59.999,1047618.4,733931.4,313687,0.14179,NA,24.050,NA,0.9,NA,1.4,55109.0,NA,7.4,178.1,25.0,199.9,992509.4,192.5,69.4,218.3,NA,52.1775887943972,1255.8,1409.5,6998209.1010505256,1357.322411205603,NA,NA,19.5,9.8,1,4.0,0.14182334161050016,NA,NA
1949-01-01,1949-03-31 23:59:59.999,NA,NA,NA,0.14069,NA,23.910,NA,0.9,NA,1.4,NA,NA,7.2,177.0,24.4,194.4,NA,187.2,69.8,212.2,NA,51.177777777777776,1257.9,1381.8,NA,1330.6222222222222,NA,NA,15.2,7.8,1,5.0,0.14068606165870604,NA,NA
1949-04-01,1949-06-30 23:59:59.999,NA,NA,NA,0.13983,NA,23.920,NA,0.8,NA,1.5,NA,NA,7.2,178.6,26.4,194.2,NA,187.0,70.3,211.2,NA,51.482595262615864,1277.1,1388.6,NA,1337.1174047373842,NA,NA,13.2,6.8,1,6.2,0.13985308944260406,NA,NA
1949-07-01,1949-09-30 23:59:59.999,NA,NA,NA,0.13902,NA,23.750,NA,0.8,NA,1.6,NA,NA,7.1,177.9,27.3,194.3,NA,187.2,70.4,210.6,NA,51.06664951106536,1280.0,1397.5,NA,1346.4333504889346,NA,NA,13.9,7.2,1,6.6,0.13903398926654742,NA,NA
1949-10-01,1949-12-31 23:59:59.999,1097540.3,757469.3,340071,0.13889,NA,23.610,NA,0.8,NA,1.7,63409.0,NA,7.4,180.4,28.4,195.2,1034131.3,187.8,71.1,211.0,NA,53.278483606557384,1298.8,1405.4,7445533.4478483616,1352.1215163934426,NA,NA,12.3,6.3,1,6.6,0.13889284189554574,NA,NA
1950-01-01,1950-03-31 23:59:59.999,NA,NA,NA,0.13864,NA,23.640,NA,0.8,NA,1.8,NA,NA,8.3,183.1,29.3,209.9,NA,201.6,72.3,226.5,NA,59.855693187232024,1320.4,1513.7,NA,1453.844306812768,NA,NA,24.2,11.5,1,6.3,0.13866684283543634,NA,NA
1950-04-01,1950-06-30 23:59:59.999,NA,NA,NA,0.13930,NA,23.880,NA,0.8,NA,2.0,NA,NA,8.4,187.0,29.8,210.2,NA,201.8,74.4,227.8,NA,60.310561370123704,1342.1,1509.2,NA,1448.8894386298764,NA,NA,20.6,9.8,1,5.4,0.13927908825868008,NA,NA
1950-07-01,1950-09-30 23:59:59.999,NA,NA,NA,0.14221,NA,24.340,NA,0.7,NA,2.1,NA,NA,9.2,200.7,37.4,217.3,NA,208.1,76.7,236.2,NA,64.696364473078672,1411.0,1528.1,NA,1463.4036355269212,NA,NA,13.8,6.3,1,4.4,0.14220273542307444,NA,NA
1950-10-01,1950-12-31 23:59:59.999,1204475.8,817177.8,387298,0.14476,NA,24.980,NA,0.7,NA,2.2,76901.0,NA,9.5,198.1,33.3,222.6,1127574.8,213.1,78.1,245.1,NA,65.616576819407016,1368.4,1537.5,7788168.2614555264,1471.8834231805932,NA,NA,21.5,9.7,1,4.3,0.14478048780487804,NA,NA
1951-01-01,1951-03-31 23:59:59.999,NA,NA,NA,0.14938,NA,25.880,NA,0.7,NA,2.2,NA,NA,8.4,209.4,35.6,229.9,NA,221.5,81.8,254.4,NA,56.242366246193992,1401.5,1539.3,NA,1483.057633753806,NA,NA,17.6,7.7,1,3.4,0.14935360228675374,NA,NA
1951-04-01,1951-06-30 23:59:59.999,NA,NA,NA,0.15059,NA,25.930,NA,0.7,NA,2.2,NA,NA,8.6,205.1,30.7,237.0,NA,228.4,82.9,263.3,NA,57.097468354430384,1361.9,1573.5,NA,1516.4025316455698,NA,NA,28.9,12.2,1,3.2,0.15061963775023832,NA,NA
1951-07-01,1951-09-30 23:59:59.999,NA,NA,NA,0.15080,NA,26.030,NA,0.7,NA,2.2,NA,NA,8.6,207.8,30.2,240.0,NA,231.4,84.4,267.8,NA,57.025166666666664,1377.7,1591.4,NA,1534.3748333333336,NA,NA,29.3,12.2,1,3.3,0.15081060701269322,NA,NA
1951-10-01,1951-12-31 23:59:59.999,1324286.2,893350.2,430936,0.15279,86.2,26.470,NA,0.8,NA,2.2,85567.0,NA,8.7,211.7,30.4,242.7,1238719.2,234.0,85.9,272.3,NA,56.942521631644,1385.8,1588.5,8107562.6254635344,1531.557478368356,NA,NA,28.0,11.5,1,3.1,0.15278564683663834,NA,NA
1952-01-01,1952-03-31 23:59:59.999,1343532.4,906413.4,437118.99999999992,0.15343,86.2,26.390,NA,0.7,NA,2.3,86307.0,NA,8.2,213.1,30.8,243.6,1257225.4,235.4,87.6,274.5,NA,53.444745484400664,1388.9,1587.7,8194157.5023809536,1534.2552545155996,8197793.9912338832,NA,27.4,11.3,1,2.9,0.15342948919821122,NA,NA
1952-04-01,1952-06-30 23:59:59.999,1370401.6,921550.6,448851.00000000008,0.15340,86.2,26.530,NA,0.7,NA,2.5,90493.0,NA,8.7,217.2,31.0,246.6,1279908.6,237.9,89.6,278.4,NA,56.722871046228704,1416.1,1607.8,8344837.9849148432,1551.0771289537714,8356073.0038023872,NA,26.2,10.6,1,3.0,0.15337728573205622,NA,NA
1952-07-01,1952-09-30 23:59:59.999,1387102.7,933610.7,453492,0.15440,86.2,26.630,NA,0.8,NA,2.6,93522.0,NA,8.6,219.7,29.5,253.2,1293580.7,244.6,91.8,285.5,NA,55.709794628751976,1423.0,1640.2,8379664.5503159568,1584.490205371248,8362218.064332904,NA,30.1,11.9,1,3.1,0.15437141811974148,NA,NA
1952-10-01,1952-12-31 23:59:59.999,1395842.8,931841.8,464001,0.15466,86.2,26.710,NA,0.8,NA,2.8,97960.0,NA,8.8,227.9,33.7,259.1,1297882.8,250.3,93.8,292.2,NA,56.902817445001928,1473.3,1675.4,8392407.7310690848,1618.497182554998,8396551.7554232832,NA,27.6,10.7,1,2.7,0.15464963590784292,NA,NA
1953-01-01,1953-03-31 23:59:59.999,1408596.0,935643.0,472953,0.15526,90.7,26.630,NA,0.9,NA,3.0,100274.0,NA,8.4,231.5,35.2,263.3,1308322.0,254.9,95.8,296.7,NA,54.100721610330416,1490.8,1695.8,8426329.0831750832,1641.6992783896694,8427694.3518123344,NA,28.0,10.6,1,2.6,0.15526595117348746,NA,NA
1953-04-01,1953-06-30 23:59:59.999,1414411.0,932434.0,481977,0.15550,90.7,26.770,NA,0.9,NA,3.2,104767.0,NA,9.2,233.2,35.0,267.1,1309644.0,257.9,97.6,300.6,NA,59.171396480718824,1499.8,1717.9,8423202.6491950576,1658.7286035192812,8433904.6699586432,NA,29.9,11.2,1,2.5,0.15548052855230224,NA,NA
1953-07-01,1953-09-30 23:59:59.999,1431465.6,938427.6,493038.00000000008,0.15635,80.8,26.890,NA,0.9,NA,3.3,107296.0,NA,9.0,233.9,34.6,267.3,1324169.6,258.3,99.5,300.5,NA,57.565656565656568,1496.3,1709.7,8469632.4920314272,1652.1343434343436,8454632.04712736,NA,29.2,10.9,1,2.9,0.15634321810844006,NA,NA
1953-10-01,1953-12-31 23:59:59.999,1454134.9,960716.9,493417.99999999992,0.15703,80.7,26.870,NA,0.9,NA,3.4,110689.0,NA,8.9,233.4,33.7,267.6,1343445.9,258.7,99.8,300.5,NA,56.672645739910312,1486.4,1704.0,8554677.92825112,1647.3273542600898,8559041.8177487184,NA,29.9,11.2,1,4.5,0.15704225352112678,NA,NA
1954-01-01,1954-03-31 23:59:59.999,1477719.9,979416.9,498302.99999999992,0.15782,82.0,26.930,NA,0.8,NA,3.4,110561.0,NA,9.4,235.4,32.9,270.3,1367158.9,260.9,101.3,300.5,NA,59.561154273029968,1491.8,1712.7,8662719.3785793552,1653.1388457269702,8662008.1806818832,NA,30.6,11.3,1,5.7,0.15782098441057978,NA,NA
1954-04-01,1954-06-30 23:59:59.999,1504411.6,1003014.6,501397.00000000008,0.15761,82.9,26.940,NA,0.8,NA,3.4,114932.0,NA,8.9,238.2,33.6,270.2,1389479.6,261.3,103.2,300.2,NA,56.46658031088084,1511.3,1714.3,8815636.1150259072,1657.8334196891194,8824678.6604465472,NA,27.8,10.3,1,5.6,0.15761535320538994,NA,NA
1954-07-01,1954-09-30 23:59:59.999,1545721.1,1034860.1,510861.00000000008,0.15709,82.9,26.810,NA,1.1,NA,3.4,117763.0,NA,9.3,240.6,33.2,272.2,1427958.1,262.9,105.2,302.2,NA,59.192689199118304,1531.8,1732.5,9088675.2691036016,1673.3073108008818,9077204.349887648,NA,27.0,9.9,1,6.1,0.1571139971139971,NA,NA
1954-10-01,1954-12-31 23:59:59.999,1570936.5,1050039.5,520897,0.15693,87.0,26.770,NA,0.9,NA,3.5,123092.0,NA,9.5,245.4,35.1,277.1,1447844.5,267.6,106.9,307.6,NA,60.534644532659688,1564.0,1765.7,9225763.3837964624,1705.1653554673406,9231347.4841389568,NA,27.3,9.9,1,5.0,0.15693492665798268,NA,NA
1955-01-01,1955-03-31 23:59:59.999,1596794.5,1068961.5,527833,0.15744,95.9,26.790,NA,0.9,NA,3.6,126315.0,NA,10.0,251.8,38.4,282.5,1470479.5,272.5,108.8,313.9,NA,63.522123893805312,1599.1,1794.5,9340798.098230088,1730.9778761061948,9335537.5742329904,NA,26.3,9.3,1,4.6,0.15742546670381722,2.64666666666667,NA
1955-04-01,1955-06-30 23:59:59.999,1641275.5,1100654.5,540621,0.15761,99.1,26.710,NA,0.8,NA,3.9,133426.0,NA,10.2,256.8,40.7,289.1,1507849.5,278.9,110.0,321.5,NA,64.707021791767544,1629.7,1834.0,9565534.3583535104,1769.2929782082326,9574801.7046102656,NA,27.5,9.5,1,4.2,0.15763358778625954,2.76333333333333,NA
1955-07-01,1955-09-30 23:59:59.999,1687226.5,1132022.5,555204,0.15823,99.1,26.850,NA,0.8,NA,4.1,138787.0,NA,10.8,261.0,42.4,295.5,1548439.5,284.7,111.7,328.9,3.25,68.26111675126904,1649.8,1867.7,9786871.2492385808,1799.4388832487312,9779199.3613766192,NA,29.5,10.0,1,4.1,0.15821598757830486,2.94666666666667,NA
1955-10-01,1955-12-31 23:59:59.999,1714934.5,1149477.5,565457,0.15867,99.7,26.870,NA,0.9,NA,4.3,144426.0,NA,10.9,265.1,41.4,299.8,1570508.5,288.9,114.6,334.0,3.50,68.697631754503008,1670.5,1889.5,9898184.8257171456,1820.8023682454972,9902765.0713046512,NA,29.6,9.9,1,4.2,0.15866631383964012,2.91,NA
1956-01-01,1956-03-31 23:59:59.999,1761883.0,1184551.0,577332,0.15932,99.7,26.890,NA,1.0,NA,4.5,146185.0,NA,11.2,266.6,39.7,304.1,1615698.0,292.9,116.4,339.5,3.50,70.308451167379136,1673.2,1909.0,10142609.279842156,1838.6915488326208,10136229.093814806,NA,32.1,10.6,1,4.2,0.15929806181246728,2.9,NA
1956-04-01,1956-06-30 23:59:59.999,1776354.0,1188191.0,588163,0.16040,98.2,27.150,NA,1.0,NA,4.6,151446.0,NA,11.2,269.3,39.8,309.1,1624908.0,297.9,118.2,345.3,3.75,69.826981559365888,1678.8,1927.1,10130573.299255904,1857.273018440634,10136333.663451484,NA,34.3,11.1,1,4.3,0.1603964506252919,3.08333333333333,NA
1956-07-01,1956-09-30 23:59:59.999,1797785.3,1198215.3,599570,0.16196,99.9,27.350,NA,1.0,NA,4.6,154833.0,NA,11.2,272.5,39.7,313.7,1642952.3,302.5,120.4,350.6,4.00,69.152948677080008,1682.6,1936.9,10144196.078642014,1867.74705132292,10143066.47281948,NA,35.6,11.3,1,3.9,0.16195983272239146,3.27333333333333,NA
1956-10-01,1956-12-31 23:59:59.999,1839123.8,1231049.8,608074,0.16292,100.2,27.630,NA,1.0,NA,4.7,159600.0,NA,11.6,277.9,41.5,320.3,1679523.8,308.7,122.7,358.2,4.00,71.211614111770216,1705.8,1966.3,10310482.822166718,1895.0883858882296,10313583.18901638,NA,36.8,11.5,1,4.2,0.1628947769923206,3.47333333333333,NA
1957-01-01,1957-03-31 23:59:59.999,1852605.7,1233551.7,619054,0.16438,100.2,27.860,NA,1.1,NA,4.7,160761.0,NA,11.6,282.3,42.6,324.2,1691844.7,312.6,124.3,362.8,4.00,70.562492288710672,1717.5,1972.1,10291446.43081431,1901.5375077112888,10282505.043126194,NA,36.0,11.1,1,3.7,0.16439328634450586,3.4033333333333304,NA
1957-04-01,1957-06-30 23:59:59.999,1896343.7,1265720.7,630623,0.16543,92.9,28.110,NA,1.1,NA,4.8,165828.0,NA,11.8,284.6,42.2,328.5,1730515.7,316.7,126.0,367.5,4.00,71.338812785388128,1720.5,1986.0,10462113.181735158,1914.6611872146116,10463838.697774988,NA,38.0,11.6,1,4.3,0.16540785498489428,3.6266666666666704,NA
1957-07-01,1957-09-30 23:59:59.999,1896110.0,1256733.0,639377,0.16676,92.9,28.320,NA,1.1,NA,4.9,168971.0,NA,11.9,289.2,41.9,333.0,1727139.0,321.1,128.0,372.2,4.50,71.357117117117112,1734.1,1996.8,10356610.075675676,1925.4428828828828,10368557.295035308,NA,37.8,11.4,1,4.4,0.16676682692307692,3.9266666666666696,NA
1957-10-01,1957-12-31 23:59:59.999,1910951.1,1267175.1,643776,0.16762,83.7,28.470,NA,1.1,NA,5.0,172076.0,NA,11.7,290.8,41.5,332.7,1738875.1,321.0,130.3,371.5,4.50,69.80261496844004,1734.9,1984.9,10374190.519957922,1915.09738503156,10368935.893871006,NA,35.9,10.8,1,5.2,0.16761549700236786,3.6333333333333304,NA
1958-01-01,1958-03-31 23:59:59.999,1945165.4,1300822.4,644343,0.16968,78.5,28.870,NA,1.0,NA,5.0,171212.0,NA,11.6,290.3,39.4,334.2,1773953.4,322.6,131.1,372.4,4.00,68.371274685816872,1711.1,1969.8,10455815.102692998,1901.4287253141828,10444188.772940104,NA,37.8,11.3,1,6.7,0.16966189460858972,3.04,NA
1958-04-01,1958-06-30 23:59:59.999,1977060.6,1327018.6,650042,0.16999,80.9,28.910,NA,1.0,NA,5.0,174783.0,NA,11.7,293.2,38.6,337.1,1802277.6,325.4,133.4,374.8,3.50,68.825571047167,1725.1,1983.0,10601947.43636903,1914.1744289528328,10601259.274963944,NA,37.8,11.2,1,7.3,0.16999495713565308,2.9233333333333296,NA
1958-07-01,1958-09-30 23:59:59.999,2037380.7,1376948.7,660432,0.17012,80.9,28.910,NA,1.0,NA,5.0,178359.0,NA,11.7,298.3,39.4,344.1,1859021.7,332.4,135.9,383.1,4.00,68.782127288578888,1753.5,2022.9,10928843.350566694,1954.1178727114212,10959419.789390206,NA,39.9,11.6,1,7.1,0.17010232834050126,3.5,NA
1958-10-01,1958-12-31 23:59:59.999,2077104.7,1406791.7,670313,0.17007,90.8,28.970,NA,1.0,NA,5.0,184149.0,NA,11.4,302.2,40.7,348.2,1892955.7,336.8,137.5,387.6,4.00,67.038024124066624,1777.1,2047.6,11131579.814244686,1980.5619758759332,11112982.2445581,NA,40.0,11.5,1,6.2,0.17005274467669468,3.8,NA
1959-01-01,1959-03-31 23:59:59.999,2101143.4,1426920.4,674223,0.17125,90.8,28.970,NA,0.8,NA,5.1,186644.0,NA,12.1,309.9,43.6,353.6,1914499.4,341.5,140.1,394.4,4.00,70.663178733031672,1809.4,2065.0,11180546.552601808,1994.3368212669684,11158991.531537696,2314.4,37.8,10.7,1,5.6,0.17123486682808716,3.99,NA
1959-04-01,1959-06-30 23:59:59.999,2136883.0,1450284.0,686599,0.17193,95.3,29.110,NA,0.8,NA,5.3,193679.0,NA,12.5,315.9,45.5,360.7,1943204.0,348.2,143.3,402.7,4.50,72.705849736623232,1837.3,2098.0,11302583.842528418,2025.2941502633768,11309030.948186764,2350.3,38.7,10.7,1,5.0,0.17192564346997138,4.2566666666666704,NA
1959-07-01,1959-09-30 23:59:59.999,2155968.2,1458572.2,697396.00000000024,0.17295,95.3,29.250,NA,0.8,NA,5.6,199894.0,NA,12.8,321.1,46.3,362.4,1956074.2,349.6,146.6,405.0,5.00,73.999116997792496,1856.5,2095.1,11308419.029856512,2021.1008830022072,11358768.454585582,2336.7,34.9,9.6,1,5.5,0.17297503699107442,4.5033333333333304,NA
1959-10-01,1959-12-31 23:59:59.999,2196255.3,1490235.3,706019.99999999976,0.17389,93.8,29.410,NA,0.8,NA,5.8,206702.0,NA,13.0,323.2,44.1,366.9,1989553.3,353.9,149.6,410.7,5.00,74.765058599073312,1858.6,2110.1,11442236.081575362,2035.3349414009264,11403496.903224722,2380.9,37.1,10.1,1,5.3,0.17387801525994028,4.5833333333333304,NA
1960-01-01,1960-03-31 23:59:59.999,2204387.7,1483857.7,720530.00000000024,0.17413,100.0,29.410,NA,0.8,NA,6.0,207626.0,NA,13.2,326.7,45.5,371.8,1996761.7,358.6,151.7,417.1,5.00,75.805917159763296,1876.3,2135.2,11467147.880150616,2059.3940828402364,11438724.92925774,2397.2,38.3,10.3,1,5.4,0.1741288872236793,4.4866666666666696,NA
1960-04-01,1960-06-30 23:59:59.999,2230093.3,1503158.3,726934.99999999984,0.17504,93.3,29.610,NA,0.8,NA,6.2,214485.0,NA,13.2,332.6,46.4,376.1,2015608.3,362.9,154.2,422.1,5.00,75.409518745014624,1900.1,2148.6,11514852.415261898,2073.1904812549856,11532573.98475289,2412.8,36.5,9.7,1,5.4,0.17504421483756866,4.26,NA
1960-07-01,1960-09-30 23:59:59.999,2227405.0,1492664.0,734741,0.17572,97.2,29.610,NA,0.8,NA,6.3,219067.0,NA,13.5,332.5,45.9,378.2,2008338.0,364.7,155.0,424.7,4.50,76.830777366472768,1892.5,2152.4,11429790.352194608,2075.5692226335272,11489636.226420954,2417.6,38.5,10.2,1,5.5,0.17571083441739452,3.8333333333333296,NA
1960-10-01,1960-12-31 23:59:59.999,2290028.4,1552476.4,737552,0.17650,90.1,29.810,NA,0.9,NA,6.4,224550.0,NA,13.5,334.5,44.7,379.7,2065478.4,366.2,157.4,426.2,4.50,76.495259415327888,1894.9,2151.5,11703652.298130102,2075.004740584672,11652821.571160174,2401.0,38.0,10.0,1,6.6,0.1764815245177783,3.8866666666666696,NA
1961-01-01,1961-03-31 23:59:59.999,2345829.5,1609820.5,736009,0.17683,91.6,29.840,NA,0.9,NA,6.5,225311.0,NA,13.6,335.0,42.2,384.1,2120518.5,370.5,159.3,430.7,4.50,76.919135641759968,1894.4,2172.4,11993268.392085396,2095.48086435824,11955605.43327891,2443.3,41.7,10.9,1,6.9,0.17680905910513716,3.7866666666666704,NA
1961-04-01,1961-06-30 23:59:59.999,2373420.9,1625285.9,748135,0.17681,92.5,29.840,NA,0.9,NA,6.5,231512.0,NA,13.6,339.9,43.3,390.0,2141908.9,376.4,162.4,436.9,4.50,76.909743589743584,1922.6,2205.5,12112769.433205128,2128.590256410256,12142590.761871182,2491.2,42.6,10.9,1,6.9,0.176830650646112,3.79,NA
1961-07-01,1961-09-30 23:59:59.999,2414369.6,1654816.6,759553,0.17745,99.2,29.980,NA,1.0,NA,6.5,235787.0,NA,13.9,342.8,44.6,396.6,2178582.6,382.7,163.7,444.0,4.50,78.325063035804336,1932.0,2234.8,12276087.731921332,2156.474936964196,12344141.088197642,2502.8,46.2,11.7,1,6.7,0.17746554501521388,3.98,NA
1961-10-01,1961-12-31 23:59:59.999,2475821.0,1706206.0,769615,0.17765,93.0,30.010,NA,1.0,NA,6.6,242913.0,NA,14.5,350.1,46.7,404.7,2232908.0,390.2,167.3,452.8,4.50,81.614899925871008,1970.7,2277.9,12568176.756115642,2196.2851000741288,12508718.587227546,2564.5,46.9,11.6,1,6.0,0.17766363756091136,3.9733333333333304,NA
1962-01-01,1962-03-31 23:59:59.999,2490219.0,1710811.0,779408,0.17843,99.9,30.170,NA,1.1,NA,6.6,244240.0,NA,14.6,355.4,47.7,410.3,2245979.0,395.7,169.8,459.7,4.50,81.831879112844256,1991.7,2299.7,12588539.864245672,2217.8681208871552,12540726.683600094,2590.1,47.2,11.5,1,5.6,0.17841457581423668,4.0166666666666704,3.39
1962-04-01,1962-06-30 23:59:59.999,2401116.2,1614596.2,786520.00000000016,0.17906,95.4,30.210,NA,1.1,NA,6.8,251339.0,NA,15.0,361.0,49.0,416.1,2149777.2,401.1,173.2,467.0,4.50,83.774333093006496,2016.1,2323.9,12006410.08190339,2240.1256669069936,12049308.086502438,2611.4,47.2,11.3,1,5.5,0.1790524549249107,3.8733333333333296,3.56
1962-07-01,1962-09-30 23:59:59.999,2446095.8,1652403.8,793691.99999999984,0.17952,91.6,30.420,NA,1.1,NA,7.1,257554.0,NA,15.2,364.9,49.6,419.4,2188541.8,404.2,175.4,471.7,4.50,84.6618979494516,2032.5,2336.0,12189875.16642823,2251.3381020505484,12248567.55413394,2627.7,46.3,11.0,1,5.6,0.1795376712328767,3.99,3.35
1962-10-01,1962-12-31 23:59:59.999,2557294.1,1753725.1,803569,0.18006,95.0,30.380,NA,1.1,NA,7.3,265049.0,NA,15.4,371.1,51.5,424.3,2292245.1,408.9,178.1,477.9,4.50,85.532971953806272,2061.3,2356.6,12731333.496724016,2271.067028046194,12674406.818545984,2664.6,44.8,10.6,1,5.5,0.1800475260969193,3.9033333333333304,3.40
1963-01-01,1963-03-31 23:59:59.999,2606963.0,1793526.0,813437,0.18057,98.4,30.510,NA,1.2,NA,7.5,267959.0,NA,15.8,374.7,52.6,429.2,2339004.0,413.4,179.7,483.3,4.50,87.496365330848096,2075.2,2376.8,12952806.866728798,2289.303634669152,12902144.422262416,2677.6,45.8,10.7,1,5.7,0.18057892965331536,3.8933333333333296,3.44
1963-04-01,1963-06-30 23:59:59.999,2648730.6,1831090.6,817640,0.18083,91.7,30.610,NA,1.1,NA,7.8,277476.0,NA,16.1,378.9,53.9,433.8,2371254.6,417.7,182.2,488.1,4.50,89.032480405716928,2095.1,2398.9,13112961.410650068,2309.8675195942828,13162883.704145432,2710.3,46.0,10.6,1,5.6,0.180832881737463,3.9633333333333296,3.61
1963-07-01,1963-09-30 23:59:59.999,2698215.3,1867332.3,830882.99999999984,0.18169,96.4,30.720,NA,1.2,NA,8.1,284993.0,NA,16.3,385.8,54.7,440.7,2413222.3,424.4,186.0,495.3,4.50,89.707329248922176,2123.7,2425.4,13281210.270977988,2335.692670751078,13339001.386292986,2739.3,45.5,10.3,1,5.5,0.18170198730106372,4.0333333333333296,3.82
1963-10-01,1963-12-31 23:59:59.999,2701149.3,1861986.3,839162.99999999984,0.18236,94.4,30.880,NA,1.2,NA,8.4,294004.0,NA,16.8,390.5,55.7,449.5,2407145.3,432.7,189.5,504.7,4.50,92.129032258064528,2141.4,2465.0,13200474.22580645,2372.8709677419356,13147233.87383645,2781.8,49.4,11.0,1,5.5,0.18235294117647056,4.12,4.05
1964-01-01,1964-03-31 23:59:59.999,2752329.8,1908453.8,843875.99999999984,0.18324,99.5,30.940,NA,1.3,NA,8.5,297969.0,NA,17.5,400.1,58.0,460.6,2454360.8,443.1,193.5,514.3,4.50,95.493920972644368,2183.6,2513.4,13392944.929917498,2417.9060790273556,13339550.052216654,2817.0,50.7,11.0,1,5.4,0.18325773852152464,4.18,4.16
1964-04-01,1964-06-30 23:59:59.999,2806341.3,1946166.3,860174.99999999984,0.18366,98.5,31.010,NA,1.3,NA,8.8,307566.0,NA,18.0,408.1,59.5,474.0,2498775.3,456.0,197.2,523.7,4.50,98.008860759493664,2222.0,2580.9,13605673.358164556,2482.8911392405068,13660851.947274968,2862.4,55.8,11.8,1,5.2,0.18365686388469136,4.2,3.95
1964-07-01,1964-09-30 23:59:59.999,2858881.4,1989638.4,869243,0.18428,100.6,31.080,NA,1.3,NA,9.1,314378.0,NA,18.4,417.0,61.4,481.7,2544503.4,463.3,200.7,533.3,4.50,99.857338592484944,2262.8,2614.2,13809094.432800498,2514.3426614075152,13856619.112623788,2906.7,54.3,11.3,1,5.1,0.18426287200673248,4.1933333333333296,4.01
1964-10-01,1964-12-31 23:59:59.999,2911416.4,2027310.4,884106,0.18490,99.9,31.250,NA,1.4,NA,9.3,323369.0,NA,18.9,419.6,59.4,488.8,2588047.4,469.9,204.4,542.1,4.50,102.22935761047462,2269.2,2643.9,13998646.728436988,2541.6706423895252,13948651.070016634,2954.8,58.6,12.0,1,5.0,0.18487839933431672,4.1733333333333304,4.06
1965-01-01,1965-03-31 23:59:59.999,2959625.0,2064420.0,895205,0.18549,102.0,31.310,NA,1.3,NA,9.5,326864.0,NA,19.2,430.3,64.9,496.2,2632761.0,477.0,207.6,553.1,4.50,103.50665054413544,2319.8,2675.0,14193139.207980654,2571.4933494558648,14148055.815598132,2989.2,55.1,11.1,1,4.7,0.18549532710280372,4.2033333333333296,4.11
1965-04-01,1965-06-30 23:59:59.999,2965365.9,2061665.9,903700,0.18642,105.4,31.610,NA,1.4,NA,9.9,336469.0,NA,19.9,437.2,64.8,504.3,2628896.9,484.4,211.7,562.7,4.50,106.75286535792186,2345.5,2705.3,14102626.975153678,2598.547134642078,14143986.052253118,3027.0,55.8,11.1,1,4.6,0.18641185820426572,4.2066666666666696,4.06
1965-07-01,1965-09-30 23:59:59.999,3049919.9,2137380.9,912539,0.18711,103.4,31.620,NA,1.4,NA,10.1,343385.0,NA,20.5,446.4,66.7,520.1,2706534.9,499.6,215.7,577.1,4.50,109.5553739665449,2385.9,2779.5,14464167.957219764,2669.9446260334548,14521555.016680868,3138.6,62.1,11.9,1,4.3,0.18711998560892248,4.2466666666666696,4.33
1965-10-01,1965-12-31 23:59:59.999,3138631.3,2207696.3,930935,0.18768,102.9,31.850,NA,1.4,NA,10.2,352786.0,NA,21.2,460.4,69.1,532.2,2785845.3,511.0,220.7,590.4,5.00,112.94716272078164,2452.9,2835.4,14842137.84971815,2722.4528372792184,14784656.37504741,3162.8,60.1,11.3,1,4.0,0.18769838470762504,4.4733333333333304,5.00
1966-01-01,1966-03-31 23:59:59.999,3148890.6,2213075.6,935815,0.18914,100.0,32.180,NA,1.4,NA,10.4,355964.0,NA,21.3,470.8,72.3,541.6,2792926.6,520.3,224.4,603.1,5.50,112.61549113737076,2489.1,2863.5,14766516.468057606,2750.8845088626296,14725041.425907398,3200.9,59.0,10.9,1,3.8,0.18913916535708052,4.7699999999999992,4.89
1966-04-01,1966-06-30 23:59:59.999,3189353.8,2218037.8,971316,0.19070,95.7,32.380,NA,1.5,NA,10.6,365660.0,NA,20.9,475.9,69.7,547.5,2823693.8,526.6,228.9,613.0,5.75,109.59234703196348,2495.4,2870.9,14806470.375196348,2761.3076529680372,14846866.990072744,3226.5,59.5,10.9,1,3.8,0.19070674701313176,4.78,5.22
1966-07-01,1966-09-30 23:59:59.999,3164173.6,2184361.6,979812,0.19216,91.2,32.750,NA,1.6,NA,10.7,369551.0,NA,20.5,485.0,72.3,558.4,2794622.6,537.9,232.9,626.3,6.00,106.6815007163324,2523.8,2905.9,14543147.94652579,2799.218499283668,14606092.709221488,3273.9,61.1,10.9,1,3.7,0.1921607763515606,5.14,5.54
1966-10-01,1966-12-31 23:59:59.999,3261339.7,2255355.7,1005984,0.19366,88.3,32.920,NA,1.6,NA,10.9,376022.0,NA,20.0,490.8,72.6,569.3,2885317.7,549.3,237.7,639.8,6.00,103.2706832952749,2534.2,2939.6,14898436.52014755,2836.3293167047248,14830011.796581412,3307.2,65.9,11.6,1,3.8,0.19366580487141108,5.0033333333333304,4.94
1967-01-01,1967-03-31 23:59:59.999,3369046.7,2355252.7,1013794,0.19423,94.1,33.000,NA,1.8,NA,11.1,375812.0,NA,21.1,495.1,71.1,579.5,2993234.7,558.4,241.6,650.6,5.50,108.6276790336497,2548.9,2983.4,15409864.372700606,2874.77232096635,15372048.586010124,3362.5,71.6,12.3,1,3.8,0.19424146946436952,4.5833333333333304,4.30
1967-04-01,1967-06-30 23:59:59.999,3414981.5,2386068.5,1028913,0.19514,95.9,33.300,NA,2.3,NA,11.1,383147.0,NA,21.7,504.2,74.5,586.7,3031834.5,565.0,245.7,657.7,5.50,111.21111300494288,2583.7,3006.8,15537958.027271178,2895.5888869950568,15577873.763880514,3378.6,69.1,11.8,1,3.9,0.19512438472795,4.82,5.10
1967-07-01,1967-09-30 23:59:59.999,3506665.1,2458851.1,1047814,0.19694,97.0,33.600,NA,2.0,NA,11.2,389209.0,NA,22.1,511.4,74.7,597.7,3117456.1,575.6,251.0,671.6,5.50,112.22303831353522,2596.9,3035.1,15830334.631269868,2922.8769616864648,15912163.820827166,3413.6,73.2,12.2,1,3.8,0.19692926097986888,5.2466666666666696,5.39
1967-10-01,1967-12-31 23:59:59.999,3595262.6,2520819.6,1074443,0.19862,92.9,34.000,NA,1.9,NA,11.3,410869.0,NA,21.2,518.9,75.6,607.2,3184393.6,586.0,255.4,683.1,6.00,106.7366930171278,2612.7,3057.1,16032624.628722002,2950.363306982872,15949481.014734628,3463.5,75.0,12.4,1,3.8,0.198619606816918,5.6433333333333296,5.80
1968-01-01,1968-03-31 23:59:59.999,3607260.7,2502322.7,1104938,0.20071,97.2,34.300,NA,2.0,NA,11.6,402468.0,NA,22.6,536.9,80.9,624.1,3204792.7,601.5,262.5,702.6,6.00,112.59442397051756,2674.8,3109.3,15966450.796522996,2996.7055760294824,15915888.929363764,3526.3,73.7,11.8,1,3.7,0.20072041938700028,5.61,5.79
1968-04-01,1968-06-30 23:59:59.999,3758709.3,2628303.3,1130406,0.20275,92.4,34.700,NA,2.0,NA,12.0,415182.0,NA,23.4,550.6,83.1,640.9,3343527.3,617.5,269.7,722.6,6.50,115.41906693711966,2715.6,3161.2,16491743.642939614,3045.78093306288,16550699.743294852,3577.3,76.4,11.9,1,3.7,0.20273946602555992,5.7433333333333296,5.78
1968-07-01,1968-09-30 23:59:59.999,3828718.2,2676476.2,1152242,0.20485,92.4,35.100,NA,2.1,NA,12.4,422781.0,NA,24.0,566.7,87.5,649.1,3405937.2,625.1,276.3,741.0,6.25,117.16777075951318,2766.6,3168.9,16627752.877954092,3051.7322292404868,16708228.282663756,3629.3,67.9,10.5,1,3.4,0.2048344851525766,5.46,5.43
1968-10-01,1968-12-31 23:59:59.999,4011686.1,2810873.1,1200813,0.20713,91.7,35.600,NA,2.1,NA,12.8,436144.0,NA,24.2,575.6,87.8,660.8,3575542.1,636.6,282.8,756.7,6.75,116.84337167070218,2779.1,3190.5,17263570.02126211,3073.6566283292976,17181723.430629,3664.7,70.3,10.6,1,3.4,0.20711487227707252,5.7699999999999992,6.37
1969-01-01,1969-03-31 23:59:59.999,4027740.7,2794498.7,1233242,0.20917,98.2,36.100,NA,2.1,NA,13.3,434920.0,NA,24.0,587.8,90.0,668.7,3592820.7,644.7,289.0,771.3,7.50,114.7420367877972,2810.2,3197.0,17176981.872139972,3082.2579632122028,17105115.232214186,3700.8,65.5,9.8,1,3.4,0.20916484203941196,6.1766666666666704,6.28
1969-04-01,1969-06-30 23:59:59.999,4046066.4,2786772.4,1259294,0.21186,91.5,36.600,NA,2.3,NA,13.8,446332.0,NA,24.1,599.2,90.4,684.8,3599734.4,660.7,296.5,790.4,8.50,113.75002920560748,2828.2,3232.2,16990451.99719626,3118.4499707943924,17061109.229758054,3741.2,69.5,10.1,1,3.5,0.21186807747045356,6.35333333333334,7.21
1969-07-01,1969-09-30 23:59:59.999,4074554.9,2796489.9,1278065,0.21446,86.4,37.100,NA,2.3,NA,14.2,452181.0,NA,24.3,609.5,90.6,707.9,3622373.9,683.6,302.9,812.0,8.50,113.29930781183784,2841.9,3300.6,16889401.46113858,3187.3006921881624,16972247.219132486,3797.4,81.9,11.6,1,3.7,0.21447615585045144,6.8566666666666704,8.13
1969-10-01,1969-12-31 23:59:59.999,4105751.2,2797191.2,1308560,0.21695,79.7,37.700,NA,2.4,NA,14.6,463780.0,NA,24.6,621.5,90.8,721.7,3641971.2,697.1,310.9,827.3,8.50,113.38769571844256,2864.6,3326.5,16786777.326867118,3213.1123042815572,16717832.617058562,3815.6,83.2,11.5,1,3.5,0.21695475725236736,7.2966666666666704,8.41
1970-01-01,1970-03-31 23:59:59.999,4126977.3,2808790.3,1318187,0.21947,78.1,38.300,280814,2.5,NA,14.9,456241.0,NA,24.5,632.6,89.6,737.2,3670736.3,712.7,318.5,841.8,8.00,111.63252848616386,2882.3,3359.0,16725452.023467172,3247.3674715138364,16632217.1509758,3843.9,87.3,11.8,1,4.4,0.2194700803810658,7.3666666666666704,7.13
1970-04-01,1970-06-30 23:59:59.999,4064175.4,2707503.4,1356672,0.22190,75.4,38.800,274924,2.6,NA,15.1,462800.0,NA,24.3,642.5,91.0,754.1,3601375.4,729.8,325.0,859.6,8.00,109.51273040710782,2895.6,3398.5,16230306.719135392,3288.9872695928924,16311482.21848311,3858.6,93.9,12.5,1,4.9,0.22189201118140356,7.7133333333333296,7.77
1970-07-01,1970-09-30 23:59:59.999,4193420.4,2830690.4,1362730,0.22406,77.6,39.200,282367,2.6,NA,15.3,469739.0,NA,24.2,654.5,92.0,773.4,3723681.4,749.2,332.8,874.0,7.50,108.00509438841478,2921.1,3451.7,16618866.160305146,3343.6949056115848,16692297.736427886,3906.2,101.0,13.1,1,5.4,0.224063504939595,7.46,6.97
1970-10-01,1970-12-31 23:59:59.999,4326874.7,2936179.7,1390695,0.22696,72.4,39.800,291242,2.6,NA,15.6,478741.0,NA,24.2,661.2,87.3,781.4,3848133.7,757.2,339.4,882.9,6.75,106.62679805477348,2913.1,3442.9,16955131.194944974,3336.2732019452264,16905630.866778664,3893.2,102.0,13.1,1,6.1,0.22695983037555548,6.8533333333333296,5.84
1971-01-01,1971-03-31 23:59:59.999,4490581.0,3063565.0,1427016,0.22911,78.1,40.000,292043,2.6,NA,15.9,481494.0,NA,25.0,680.2,98.1,804.6,4009087.0,779.6,346.3,903.0,5.25,109.1225453641561,2968.9,3512.0,17499271.121053938,3402.8774546358436,17383779.626584176,3948.5,105.8,13.2,1,6.0,0.2291002277904328,6.0166666666666704,4.56
1971-04-01,1971-06-30 23:59:59.999,4572949.5,3112042.5,1460907,0.23172,80.2,40.500,294417,2.7,NA,16.3,495146.0,7.53,25.0,694.3,101.0,825.7,4077803.5,800.7,354.4,926.4,5.50,107.88421945016348,2996.1,3563.2,17597225.906745792,3455.3157805498364,17679170.695243608,4047.8,112.4,13.6,1,5.9,0.23172990570273912,6.2466666666666696,6.77
1971-07-01,1971-09-30 23:59:59.999,4642543.7,3151830.7,1490713,0.23399,82.1,40.800,304952,2.9,NA,16.7,507890.0,7.69,25.2,706.7,103.4,838.2,4134653.7,813.0,362.8,940.5,6.00,107.69677881173944,3020.0,3582.2,17670193.84889048,3474.5032211882604,17750867.00666656,4031.0,111.9,13.4,1,6.0,0.2339902852995366,6.4833333333333296,5.77
1971-10-01,1971-12-31 23:59:59.999,4778159.7,3260303.7,1517856,0.23544,82.0,41.100,317118,3.0,NA,17.2,524086.0,7.48,24.9,722.9,107.3,853.2,4254073.7,828.3,372.0,958.7,5.25,105.76371308016876,3070.2,3624.0,18069342.57946554,3518.2362869198316,18042725.189197424,4095.0,110.2,12.9,1,6.0,0.23543046357615896,5.89,5.15
1972-01-01,1972-03-31 23:59:59.999,4941163.6,3370301.6,1570861.9999999996,0.23792,92.8,41.400,320987,3.0,NA,17.6,531333.0,7.30,26.1,740.1,110.7,866.2,4409830.6,840.1,382.4,986.0,4.75,109.69713691987992,3110.8,3640.6,18534321.498914796,3530.90286308012,18400168.034816088,4164.9,105.5,12.2,1,5.8,0.23792781409657752,6.0333333333333296,5.86
1972-04-01,1972-06-30 23:59:59.999,5020250.1,3419630.1,1600619.9999999996,0.23930,88.6,41.700,314976,3.2,NA,18.0,551272.0,7.37,26.4,758.6,114.1,880.1,4468978.1,853.7,390.2,1003.5,5.25,110.3214634700602,3170.2,3677.8,18675159.25028974,3567.47853652994,18735504.727806916,4200.6,100.3,11.4,1,5.7,0.23930066887813368,6.1433333333333296,5.80
1972-07-01,1972-09-30 23:59:59.999,5155351.2,3505794.2,1649557,0.24141,95.2,42.100,319574,3.2,NA,18.3,566724.0,7.42,27.1,777.1,117.6,904.9,4588627.2,877.8,399.4,1029.2,5.50,112.26030500607802,3219.1,3748.5,19008143.506685824,3636.2396949939224,19101376.620201812,4283.1,106.3,11.7,1,5.5,0.2414032279578498,6.29,6.04
1972-10-01,1972-12-31 23:59:59.999,5417537.4,3703344.4,1714193.0000000004,0.24339,90.7,42.500,331576,3.3,NA,18.6,585423.0,7.44,27.7,801.9,123.4,948.6,4832114.4,920.9,410.4,1075.7,6.00,113.80185536580222,3294.6,3897.2,19852114.948007592,3783.3981446341976,19853412.70204134,4440.5,124.8,13.2,1,5.2,0.24340552191316844,6.3733333333333304,6.14
1973-01-01,1973-03-31 23:59:59.999,5451492.8,3692842.8,1758650,0.24635,81.9,43.400,339859,3.0,NA,19.2,597546.0,7.46,28.4,826.5,131.8,966.9,4853946.8,938.5,419.2,1093.3,6.50,115.28302823456408,3354.8,3924.9,19703439.64765746,3809.616971765436,19565185.169796924,4442.2,118.3,12.2,1,4.9,0.2463502254834518,6.6033333333333296,6.89
1973-04-01,1973-06-30 23:59:59.999,5509732.0,3690653.0,1819079,0.25110,77.0,44.200,333932,3.1,NA,19.6,616455.0,7.73,29.3,842.0,131.3,993.4,4893277.0,964.1,429.4,1122.6,7.75,116.68679283269578,3353.4,3956.2,19487399.302798468,3839.513207167304,19503450.83623346,4481.7,128.7,13.0,1,4.9,0.25109953996259036,6.8066666666666704,7.07
1973-07-01,1973-09-30 23:59:59.999,5713960.7,3822768.7,1891192,0.25569,72.0,45.200,332838,3.1,NA,20.0,635549.0,8.82,30.4,860.5,130.8,1016.0,5078411.7,985.6,439.8,1150.0,10.00,118.88913385826772,3365.3,3973.4,19860788.433838584,3854.5108661417328,19975592.669116832,4508.3,132.3,13.0,1,4.8,0.25570040771128,7.2066666666666704,6.79
1973-10-01,1973-12-31 23:59:59.999,5695413.1,3752253.1,1943159.9999999996,0.26094,76.5,46.300,339432,4.4,NA,20.4,651963.0,8.54,31.5,875.6,128.2,1048.2,5043450.1,1016.7,449.7,1188.2,9.75,120.71994848311392,3355.5,4017.1,19328413.849179544,3896.3800515168864,19341923.334552932,4545.6,147.9,14.1,1,4.9,0.26093450499116276,6.7533333333333304,6.83
1974-01-01,1974-03-31 23:59:59.999,5731094.3,3786732.3,1944362,0.26870,61.8,47.800,342459,3.3,NA,20.3,656014.0,8.41,32.5,893.8,126.7,1061.6,5075080.3,1029.1,458.3,1204.4,9.25,120.95351356443106,3326.2,3950.9,18887655.19712698,3829.9464864355688,18778988.04123018,4450.5,144.2,13.6,1,5.1,0.26869827127996148,7.0533333333333304,7.81
1974-04-01,1974-06-30 23:59:59.999,5735406.3,3773239.3,1962167,0.27631,72.1,49.000,336029,3.4,NA,20.8,676607.0,9.09,33.3,922.3,130.6,1081.5,5058799.3,1048.2,473.7,1230.4,11.75,120.5142857142857,3337.9,3914.0,18308035.56190476,3793.4857142857144,18281425.089185068,4453.8,135.0,12.5,1,5.4,0.27631578947368424,7.5433333333333296,8.34
1974-07-01,1974-09-30 23:59:59.999,5705725.7,3703712.7,2002013,0.28376,64.4,50.600,340881,3.5,NA,21.5,694827.0,9.96,33.5,951.1,136.3,1111.7,5010898.7,1078.2,487.1,1266.6,12.00,118.05608527480434,3351.6,3917.7,17658718.932256904,3799.643914725196,17761687.663491666,4449.8,135.7,12.2,1,5.9,0.28376343262628584,7.9633333333333296,8.07
1974-10-01,1974-12-31 23:59:59.999,5864711.7,3800312.7,2064399,0.29095,59.5,51.900,351457,3.6,NA,22.1,707818.0,9.62,33.4,960.9,127.1,1138.5,5156893.7,1105.1,502.8,1296.0,10.50,114.79214756258232,3302.5,3912.9,17723679.71781291,3798.1078524374168,17746238.938978794,4440.5,152.0,13.3,1,7.2,0.29096066855784712,7.67,7.34
1975-01-01,1975-03-31 23:59:59.999,6129815.0,3987436.0,2142379,0.29641,57.6,52.800,371201,3.7,59.69,23.3,706942.0,8.90,32.9,987.1,131.8,1157.9,5422873.0,1125.0,519.1,1315.9,7.50,110.99736592106398,3330.1,3906.5,18295581.116244924,3795.5026340789352,18217505.880731892,4437.0,143.9,12.4,1,8.6,0.29640343018046848,7.54,7.09
1975-04-01,1975-06-30 23:59:59.999,6374695.9,4158593.9,2216102.0000000004,0.30003,72.8,53.500,387905,3.6,61.21,23.5,720672.0,8.89,32.6,1015.8,136.7,1226.5,5654023.9,1193.9,534.3,1347.5,7.00,108.6524908275581,3385.7,4087.8,18844287.728022832,3979.1475091724424,18788981.182517808,4546.8,183.5,15.0,1,8.8,0.30003914085816332,8.05,7.49
1975-07-01,1975-09-30 23:59:59.999,6372060.2,4143330.2,2228730,0.30564,75.7,54.600,411381,4.0,61.25,23.9,740457.0,9.13,32.8,1049.6,146.8,1231.3,5631603.2,1198.5,546.8,1384.1,8.00,107.31058231137822,3434.1,4028.4,18424713.985933568,3921.0894176886216,18521644.375516952,4543.1,153.8,12.5,1,8.4,0.30565485056101676,8.2966666666666704,8.36
1975-10-01,1975-12-31 23:59:59.999,6559155.8,4272675.8,2286480,0.31077,75.6,55.600,437305,4.0,62.32,24.1,763776.0,9.10,33.3,1078.5,153.4,1261.5,5795379.8,1228.2,565.5,1420.0,7.25,107.15129607609986,3470.5,4059.2,18648121.82652398,3952.0487039239,18674964.875852364,4568.5,154.8,12.3,1,8.2,0.31077552227039812,8.0633333333333392,7.10
1976-01-01,1976-03-31 23:59:59.999,6774772.0,4439762.0,2335010,0.31422,84.6,56.000,461423,4.3,62.81,23.5,773207.0,8.76,36.1,1112.3,163.3,1290.5,6001565.0,1254.4,581.6,1452.6,6.75,114.88499806276638,3539.9,4106.9,19099439.983339792,3992.0150019372336,19049075.584571104,4636.1,150.3,11.7,0,7.6,0.31422727604762716,7.7533333333333296,7.02
1976-04-01,1976-06-30 23:59:59.999,6976288.1,4555992.1,2420296,0.31686,83.3,56.700,470821,4.3,65.53,23.7,799859.0,8.85,38.1,1132.0,165.9,1308.1,6176429.1,1270.0,593.0,1477.0,7.25,120.23883495145632,3572.4,4128.2,19492037.772815532,4007.9611650485432,19422746.789387044,4663.0,148.1,11.3,0,7.6,0.3168693377258854,7.7733333333333296,7.28
1976-07-01,1976-09-30 23:59:59.999,7112487.5,4641046.5,2471441,0.32167,89.7,57.600,488327,4.4,66.60,24.0,824919.0,8.98,39.9,1161.3,169.8,1337.7,6287568.5,1297.8,610.9,1513.5,7.00,124.03987441130298,3610.3,4158.6,19546596.668984076,4034.5601255886976,19628257.621070528,4707.6,148.0,11.1,0,7.6,0.32167075458086852,7.73,6.59
1976-10-01,1976-12-31 23:59:59.999,7303654.8,4760545.8,2543109,0.32675,87.0,58.400,506445,4.6,67.49,24.4,853021.0,8.79,41.8,1195.1,175.5,1366.9,6450633.8,1325.1,630.0,1549.3,6.25,127.92897797936934,3657.5,4183.4,19742176.778784108,4055.4710220206304,19762814.333400436,4756.9,142.8,10.4,0,7.8,0.32674379691160304,7.19,5.70
1977-01-01,1977-03-31 23:59:59.999,7431399.5,4801388.5,2630011,0.33265,87.1,59.600,524258,4.7,69.42,25.6,869833.0,8.69,42.6,1230.6,183.9,1391.2,6561566.5,1348.6,650.2,1579.6,6.25,128.0602788959172,3699.3,4182.1,19724789.57709172,4054.0397211040832,19704536.767369052,4767.3,130.3,9.4,0,7.4,0.3326558427584228,7.3533333333333296,6.42
1977-04-01,1977-06-30 23:59:59.999,7654760.8,4911796.8,2742964,0.33834,90.2,60.500,523221,4.8,72.69,26.5,908466.0,8.86,43.9,1258.5,189.2,1432.6,6746294.8,1388.7,665.6,1627.9,6.75,129.75106798827306,3719.7,4234.2,19939383.946782072,4104.4489320117264,19878168.476527576,4819.9,142.7,10.0,0,7.2,0.3383401823248784,7.37,6.33
1977-07-01,1977-09-30 23:59:59.999,7830945.7,4991614.7,2839331,0.34345,89.0,61.300,543350,4.9,74.41,27.4,946550.0,8.90,45.6,1289.7,194.0,1476.5,6884395.7,1430.9,685.8,1674.7,7.25,132.76965797494074,3755.2,4299.0,20044711.895902472,4166.23034202506,20100775.140578548,4899.6,154.5,10.5,0,6.8,0.34345196557338912,7.3566666666666704,6.94
1977-10-01,1977-12-31 23:59:59.999,8028665.9,5081358.9,2947307,0.34836,84.4,62.300,564094,4.9,77.18,28.5,984299.0,8.96,46.8,1327.9,200.7,1526.5,7044366.9,1479.7,703.6,1734.7,7.75,134.34803799541436,3811.8,4382.1,20222155.38322306,4247.7519620045856,20221116.749307336,5002.9,165.2,10.8,0,6.4,0.3483489651080532,7.5966666666666704,7.36
1978-01-01,1978-03-31 23:59:59.999,8219676.2,5177222.2,3042454,0.35415,78.8,63.400,585233,5.1,79.52,30.0,1007196.0,9.20,48.2,1357.8,198.2,1562.9,7212480.2,1514.7,728.5,1774.6,8.00,136.0973830699341,3833.8,4413.0,20365138.60298164,4276.9026169300656,20376521.562225352,5033.2,170.1,10.9,0,6.3,0.35415816904600044,8.01,7.83
1978-04-01,1978-06-30 23:59:59.999,8525955.0,5353347.0,3172608,0.36145,80.0,65.000,587939,5.4,82.78,31.3,1057457.0,9.71,49.4,1415.3,216.2,1610.9,7468498.0,1561.5,754.3,1833.7,9.00,136.6664845738407,3915.6,4456.6,20661809.042646968,4319.9335154261592,20622902.992187904,5083.1,158.9,9.9,0,5.9,0.36146389624377328,8.32,8.53
1978-07-01,1978-09-30 23:59:59.999,8820945.5,5532287.5,3288658,0.36781,80.4,66.500,603571,5.5,85.26,32.7,1104827.0,9.76,51.7,1446.2,216.7,1651.0,7716118.5,1599.3,773.9,1887.1,9.75,140.56387643852212,3932.0,4488.8,20978869.002301636,4348.2361235614784,21004298.349374224,5138.3,166.6,10.1,0,6.0,0.36780431295669216,8.49,8.49
1978-10-01,1978-12-31 23:59:59.999,9044606.5,5636601.5,3408005,0.37477,66.1,67.900,619207,5.8,87.48,33.7,1146972.0,10.35,53.6,1485.4,222.3,1695.5,7897634.5,1641.9,793.7,1942.5,11.75,143.02395753465054,3963.5,4524.2,21073711.592391624,4381.1760424653496,21051568.253966576,5204.4,170.7,10.1,0,6.0,0.37476238893063968,8.82,9.59
1979-01-01,1979-03-31 23:59:59.999,9386636.4,5824653.4,3561983,0.38181,68.4,69.900,630518,5.7,91.41,34.5,1173597.0,10.43,55.3,1521.0,223.3,1745.7,8213039.4,1690.4,813.1,1999.1,11.75,144.84057398178382,3983.6,4572.3,21511416.651555252,4427.4594260182168,21547006.99860018,5250.8,184.5,10.6,0,5.8,0.38179909454760184,9.1066666666666688,9.34
1979-04-01,1979-06-30 23:59:59.999,9705095.7,5987534.7,3717560.9999999992,0.39222,65.8,72.200,626388,5.8,94.36,35.5,1220253.0,11.04,56.9,1561.5,222.1,1777.9,8484842.7,1721.0,839.4,2039.6,11.50,145.06795657798526,3981.3,4532.8,21632316.210450532,4387.7320434220144,21614241.559168188,5189.3,175.0,9.8,0,5.7,0.39222996823155664,9.1133333333333296,8.78
1979-07-01,1979-09-30 23:59:59.999,10042168.2,6196835.2,3845332.9999999992,0.40194,66.7,74.400,638836,6.1,96.41,36.7,1269760.0,11.30,58.0,1616.0,230.9,1830.5,8772408.2,1772.5,862.7,2105.1,13.50,144.30133843212238,4020.4,4554.2,21825349.043671128,4409.8986615678776,21831710.672684164,5237.7,171.8,9.4,0,5.9,0.40193667383953272,9.1033333333333296,9.76
1979-10-01,1979-12-31 23:59:59.999,10362397.1,6400368.1,3962029,0.41165,61.0,76.900,657968,6.6,98.33,38.0,1314583.0,12.90,59.6,1659.5,229.0,1883.0,9047814.1,1823.4,891.0,2168.0,15.25,144.78400424853956,4031.2,4574.3,21979509.313664364,4429.5159957514608,21945086.595762008,5280.9,178.9,9.5,0,6.0,0.411647683798614,10.4466666666667,10.62
1980-01-01,1980-03-31 23:59:59.999,10581578.6,6468363.6,4113215,0.42398,56.5,80.100,667123,6.5,100.00,43.2,1342943.0,15.28,61.7,1706.5,232.1,1946.0,9238635.6,1884.3,914.5,2230.1,19.50,145.52449126413156,4025.0,4589.8,21790076.91514902,4444.275508735868,21830568.850986624,5225.6,189.7,9.7,0,6.3,0.4239836158438276,11.9866666666667,13.69
1980-04-01,1980-06-30 23:59:59.999,10945247.3,6721457.3,4223790.0000000008,0.43435,58.7,82.500,682710,6.7,101.55,43.0,1362789.0,12.71,64.2,1708.9,211.9,1964.6,9582458.3,1900.4,931.1,2256.1,12.00,147.80770640333912,3934.5,4523.1,22061700.670228036,4375.2922935966608,22055606.143656428,5193.8,206.0,10.5,0,7.6,0.43434812407419688,10.4766666666667,9.19
1980-07-01,1980-09-30 23:59:59.999,11383633.4,7013959.4,4369674,0.44449,73.7,83.900,709958,7.0,104.46,42.2,1398505.0,13.20,64.6,1767.7,225.4,2035.0,9985128.4,1970.4,965.8,2336.6,13.00,145.33571498771496,3976.9,4578.3,22464330.886348896,4432.9642850122856,22466422.990747564,5277.9,218.1,10.7,0,7.5,0.44448812878142544,10.9533333333333,12.06
1980-10-01,1980-12-31 23:59:59.999,11767130.7,7315979.7,4451150.9999999992,0.45547,64.5,86.400,737746,7.4,104.81,44.5,1440572.0,14.79,65.4,1835.4,236.2,2126.2,10326558.7,2060.8,1007.9,2444.4,21.50,143.58655817891076,4029.6,4668.1,22672095.130970752,4524.5134418210888,22638226.333363264,5387.8,239.0,11.2,0,7.2,0.45547439000878296,12.4233333333333,12.85
1981-01-01,1981-03-31 23:59:59.999,11975052.0,7460392.0,4514660,0.46675,66.5,88.600,773676,10.8,105.45,45.7,1452620.0,15.40,68.6,1890.7,246.0,2173.0,10522432.0,2104.4,1030.6,2503.3,17.50,146.97384261389782,4050.8,4655.6,22544056.336493328,4508.6261573861032,22572964.420272888,5358.9,225.8,10.4,0,7.4,0.4667497207663888,12.96,13.27
1981-04-01,1981-06-30 23:59:59.999,12275668.0,7559957.0,4715711,0.47454,73.1,90.500,771255,11.2,107.53,47.8,1489394.0,16.70,72.6,1921.9,240.9,2208.8,10786274.0,2136.2,1058.1,2550.8,20.00,152.98655378486054,4050.1,4654.5,22729406.163074972,4501.51344621514,22730152.580008144,5390.0,227.8,10.3,0,7.5,0.47455150929208296,13.75,14.57
1981-07-01,1981-09-30 23:59:59.999,12382051.4,7540091.4,4841960,0.48231,73.1,93.100,789799,11.7,109.28,50.6,1519857.0,18.16,75.8,1961.2,251.9,2290.9,10862194.4,2215.1,1080.2,2647.1,19.50,157.15868872495526,4066.4,4749.8,22520952.883635252,4592.641311275044,22525844.727454188,5482.9,267.3,11.7,0,7.6,0.48231504484399344,14.8466666666667,16.45
1981-10-01,1981-12-31 23:59:59.999,12703752.6,7786996.6,4916756,0.48964,64.3,94.100,825509,12.3,109.17,52.8,1550692.0,16.92,77.6,1976.1,236.8,2330.3,11153060.6,2252.7,1103.6,2682.3,15.75,158.48009269192806,4035.9,4759.1,22777552.547508904,4600.6199073080728,22757950.01796868,5468.8,289.0,12.4,0,8.5,0.48965140467735496,14.0866666666667,13.99
1982-01-01,1982-03-31 23:59:59.999,12807238.8,7776904.8,5030334.0000000008,0.49584,62.0,94.700,858888,13.1,110.88,55.6,1554941.0,17.16,77.5,2014.4,246.4,2362.6,11252297.8,2285.1,1128.1,2714.5,16.50,156.29899263523236,4062.6,4764.8,22693197.560924408,4608.5010073647672,22700816.585277372,5470.6,279.5,11.8,0,9.0,0.49584452652787104,14.2933333333333,14.52
1982-04-01,1982-06-30 23:59:59.999,12946973.6,7871869.6,5075104,0.50056,65.7,97.000,867916,13.7,111.84,58.3,1579816.0,16.70,76.4,2041.1,249.2,2398.8,11367157.6,2322.4,1153.1,2757.9,16.50,152.63119893279972,4077.6,4792.3,22709200.169451388,4639.6688010672,22700509.183279412,5488.0,285.7,11.9,0,9.6,0.50055297039000072,13.93,14.78
1982-07-01,1982-09-30 23:59:59.999,13170196.2,8073260.2,5096935.9999999992,0.50843,69.3,97.700,925631,14.1,111.00,60.5,1589863.0,15.43,77.0,2089.2,252.1,2449.6,11580333.2,2372.6,1187.4,2799.1,13.50,151.44758327890266,4109.1,4818.0,22776798.398758976,4666.5524167210968,22800805.5419506,5497.9,285.8,11.7,0,10.1,0.50842673308426736,13.1166666666667,11.52
1982-10-01,1982-12-31 23:59:59.999,13537660.4,8389550.4,5148110,0.51407,71.9,97.700,987719,14.4,112.39,62.9,1624369.0,13.62,79.4,2150.9,264.4,2487.9,11913291.4,2408.5,1229.8,2843.9,11.50,154.4564411752884,4184.1,4839.7,23174868.921009688,4685.243558824712,23173702.20080332,5549.6,259.7,10.4,0,10.8,0.51406078889187344,10.6666666666667,9.74
1983-01-01,1983-03-31 23:59:59.999,13870873.2,8656870.2,5214003,0.51850,80.8,98.100,1043339,14.2,114.39,65.6,1616648.0,12.80,80.9,2190.6,268.9,2530.9,12254225.2,2450.0,1264.7,2881.3,10.50,156.03033308309298,4224.8,4881.3,23634497.399644392,4725.2696669169072,23613193.075968588,5566.4,260.6,10.3,0,10.3,0.51848892713006776,10.5633333333333,10.04
1983-04-01,1983-06-30 23:59:59.999,14208943.5,8934668.5,5274275,0.52328,92.2,99.400,1090291,14.9,115.56,67.6,1666798.0,12.87,81.9,2254.5,289.6,2572.4,12542145.5,2490.5,1291.9,2931.4,10.50,156.51228813559322,4308.4,4915.9,23968252.629237288,4759.3877118644072,23941773.130983496,5604.6,235.4,9.2,0,10.1,0.52328159645232816,10.5433333333333,10.41
1983-07-01,1983-09-30 23:59:59.999,14403990.9,9063012.9,5340978,0.53018,89.9,100.400,1138188,15.6,116.55,69.8,1725156.0,13.73,84.2,2324.3,302.4,2645.6,12678834.9,2561.4,1333.5,2990.5,11.00,158.8170622921077,4384.0,4990.1,23914671.165138348,4831.2829377078936,23970037.491008392,5651.5,235.9,8.9,0,9.2,0.5301697360774332,11.6266666666667,10.79
1983-10-01,1983-12-31 23:59:59.999,14562646.7,9151717.7,5410929,0.53371,94.2,101.400,1174425,15.9,117.19,71.9,1788160.0,13.42,86.2,2376.7,319.3,2720.6,12774486.7,2634.4,1360.9,3075.8,11.00,161.51331323972656,4453.1,5097.6,23935611.042387708,4936.0866867602744,23955236.875421896,5803.6,256.1,9.4,0,8.3,0.53370213433772752,11.6866666666667,11.13
1984-01-01,1984-03-31 23:59:59.999,14819300.6,9210873.6,5608427,0.53948,101.0,102.900,1223898,16.4,118.93,72.9,1822137.0,13.39,88.4,2422.8,331.4,2806.3,12997163.6,2717.9,1384.9,3166.9,11.50,163.85957310337458,4490.9,5201.8,24091738.450799988,5037.9404268966264,24036169.518076772,5896.1,294.2,10.5,0,7.8,0.53948633165442728,11.9433333333333,11.86
1984-04-01,1984-06-30 23:59:59.999,15094109.9,9322106.9,5772003,0.54474,95.5,103.700,1255100,17.0,120.47,75.2,1887385.0,14.42,90.7,2481.2,341.3,2880.7,13206724.9,2790.0,1417.6,3250.7,13.00,166.50425591002186,4554.9,5288.3,24244497.27103482,5121.7957440899784,24199728.510504968,5992.6,307.4,10.7,0,7.2,0.54473082086871016,13.2,13.48
1984-07-01,1984-09-30 23:59:59.999,15471607.4,9547803.4,5923804,0.54897,100.9,104.700,1309183,17.1,121.68,78.0,1941817.0,14.35,90.9,2519.7,342.1,2942.9,13529790.4,2852.0,1453.1,3326.5,12.75,165.5838526623399,4589.9,5360.8,24645927.61436678,5195.21614733766,24736702.099441392,6095.0,328.0,11.1,0,7.3,0.54896657215340992,12.8666666666667,12.28
1984-10-01,1984-12-31 23:59:59.999,15801181.1,9733683.1,6067498,0.55239,92.9,105.500,1373366,17.8,122.66,80.1,2007932.0,13.18,92.6,2568.9,353.8,2985.6,13793249.1,2893.0,1482.3,3381.1,10.75,167.6358989817792,4650.6,5404.9,24970234.479029344,5237.2641010182216,25001153.678795956,6149.6,318.8,10.7,0,7.3,0.55238764824511088,11.7433333333333,10.52
1985-01-01,1985-03-31 23:59:59.999,16258412.0,10029019.0,6229393,0.55900,93.7,106.800,1415232,18.3,124.35,87.5,2082856.0,13.17,95.3,2643.9,368.0,3014.1,14175556.0,2918.8,1533.5,3445.9,10.50,170.4845890979065,4729.7,5392.0,25359011.961116088,5221.5154109020936,25275895.69638308,6173.3,264.4,8.8,0,7.2,0.55899480712166168,11.5833333333333,10.79
1985-04-01,1985-06-30 23:59:59.999,16655628.5,10248276.5,6407352,0.56371,96.5,107.500,1460484,18.4,126.25,90.9,2159299.0,12.22,96.8,2691.2,373.3,3098.0,14496329.5,3001.2,1565.2,3486.1,9.50,171.72157520981276,4774.1,5495.8,25716245.211781792,5324.0784247901864,25660066.609315388,6190.4,297.6,9.6,0,7.4,0.563703191528076,10.8133333333333,9.08
1985-07-01,1985-09-30 23:59:59.999,16923750.5,10328072.5,6595678,0.56820,92.1,108.100,1506558,19.1,128.25,93.3,2250661.0,12.19,98.2,2764.7,396.5,3112.2,14673089.5,3014.0,1607.8,3533.3,9.50,172.82972816657028,4865.8,5477.4,25824298.061596296,5304.5702718334296,25940981.140642232,6227.7,235.1,7.6,0,7.1,0.5681892868879396,10.3366666666667,9.27
1985-10-01,1985-12-31 23:59:59.999,17639382.5,10855182.5,6784200,0.57211,93.9,109.500,1597083,19.2,129.64,96.2,2362188.0,11.26,99.3,2790.9,383.8,3169.7,15277194.5,3070.4,1633.8,3598.1,9.50,173.56588636148532,4878.3,5540.3,26702918.474413988,5366.7341136385152,26736786.331437996,6309.8,263.4,8.3,0,7.0,0.57211703337364392,9.76,8.22
1986-01-01,1986-03-31 23:59:59.999,18159764.1,11248501.1,6911263.0000000016,0.57621,95.1,109.100,1634259,20.2,132.12,97.9,2386674.0,10.08,103.1,2834.7,391.6,3232.2,15773090.1,3129.1,1663.9,3657.9,9.00,178.92739929459808,4919.6,5609.4,27373792.341730088,5430.4726007054016,27271653.241495076,6389.1,279.3,8.6,0,7.2,0.57621135950369032,8.5566666666666704,7.02
1986-04-01,1986-06-30 23:59:59.999,18592448.3,11512574.3,7079874,0.57553,99.3,109.400,1684939,20.6,134.88,99.0,2454187.0,10.68,106.2,2863.0,407.3,3271.2,16138261.3,3165.0,1688.3,3700.1,8.50,184.52866837857668,4974.6,5683.9,28041166.361906944,5499.3713316214232,27981534.237822324,6425.9,288.6,8.8,0,7.2,0.57552032935132568,7.6033333333333296,7.00
1986-07-01,1986-09-30 23:59:59.999,18829654.3,11571806.3,7257848,0.57846,91.9,110.000,1742445,21.2,136.92,99.3,2538893.0,10.01,107.3,2929.7,445.7,3311.2,16290761.3,3203.9,1713.0,3750.0,7.50,185.49043549166468,5064.7,5724.1,28161979.571554124,5538.6095645083352,28301230.465372708,6485.0,260.9,7.9,0,7.0,0.57846648381404928,7.3066666666666704,6.68
1986-10-01,1986-12-31 23:59:59.999,19467700.2,12044956.2,7422744,0.58192,89.1,110.800,1811744,22.4,139.03,99.8,2627366.0,9.31,107.5,2966.1,441.1,3336.9,16840334.2,3229.4,1746.0,3792.4,7.50,184.73673169708412,5097.1,5734.4,28939798.146926788,5549.663268302916,28958816.600609792,6530.4,248.6,7.4,0,6.6,0.5819091796875,7.2633333333333296,6.56
1987-01-01,1987-03-31 23:59:59.999,20129429.1,12542263.1,7587166.0000000016,0.58814,90.8,112.200,1839271,22.1,141.76,98.4,2634844.0,9.04,108.7,2998.3,418.5,3400.4,17494585.1,3291.7,1782.4,3850.6,7.50,184.81940948123752,5097.9,5781.6,29745527.94205388,5596.7805905187632,29638793.200842248,6564.2,281.6,8.3,0,6.6,0.58814169088141688,7.1933333333333296,6.79
1987-04-01,1987-06-30 23:59:59.999,20509900.8,12751902.8,7757998,0.59374,91.5,113.500,1871150,22.9,143.99,98.3,2725924.0,10.54,109.7,3068.8,439.1,3399.5,17783976.8,3289.8,1817.4,3910.6,8.25,184.75874393293132,5168.6,5725.5,29952098.593440216,5540.7412560670688,29901394.6267896,6595.3,209.6,6.2,0,6.2,0.59374727098070032,8.3433333333333408,7.76
1987-07-01,1987-09-30 23:59:59.999,20998026.5,13076041.5,7921985,0.59931,93.6,114.700,1893110,23.9,145.59,99.2,2802776.0,10.89,113.2,3133.5,460.5,3493.7,18195250.5,3380.5,1852.3,3982.2,8.75,188.88591464636348,5228.5,5829.6,30360658.417952316,5640.7140853536368,30511637.374532672,6658.9,237.1,6.8,0,5.9,0.59930355427473584,8.8766666666666704,8.93
1987-10-01,1987-12-31 23:59:59.999,20857071.7,12814437.7,8042634,0.60457,86.8,115.600,1954065,24.0,146.52,99.9,2835222.0,10.65,117.1,3167.6,449.9,3571.5,18021849.7,3454.4,1890.9,4077.9,8.75,193.69123617527648,5239.5,5907.5,29809345.40186196,5713.8087638247232,29806486.64482238,6803.4,280.0,7.8,0,5.7,0.6045704612780364,9.1233333333333296,8.04
1988-01-01,1988-03-31 23:59:59.999,21371810.6,13161799.6,8210011.0000000016,0.60926,94.6,116.500,1996711,24.9,148.81,100.6,2876635.0,9.93,121.6,3249.0,470.4,3651.7,18495175.6,3530.1,1940.2,4152.8,8.50,199.58756743434564,5332.7,5993.7,30356966.342722572,5794.1124325656544,30250155.65373918,6833.9,277.3,7.6,0,5.7,0.60925638587183208,8.4166666666666608,7.66
1988-04-01,1988-06-30 23:59:59.999,21863516.7,13436486.7,8427030,0.61599,94.7,118.000,2013414,25.5,151.77,102.1,2963318.0,10.46,126.2,3309.0,473.2,3730.0,18900198.7,3603.8,1982.2,4226.8,9.00,204.8703056300268,5371.8,6055.2,30682167.06923324,5850.3296943699736,30661721.720225312,6878.0,293.5,7.9,0,5.4,0.6159994715286036,8.91,8.18
1988-07-01,1988-09-30 23:59:59.999,22251386.6,13652641.6,8598745.0000000016,0.62358,97.3,119.500,2051735,25.6,153.36,104.0,3042154.0,10.48,132.6,3378.3,470.4,3812.3,19209232.6,3679.7,2037.2,4317.9,10.00,212.64068934763792,5417.7,6113.5,30804407.706660024,5900.8593106523624,30948444.591730932,6936.3,304.4,8.0,0,5.4,0.6235871432076552,9.1,8.52
1988-10-01,1988-12-31 23:59:59.999,22827765.7,14063483.7,8764282,0.62983,91.9,120.700,2095179,26.6,154.79,106.0,3136599.0,10.61,138.5,3451.3,486.2,3887.7,19691166.7,3749.2,2078.8,4403.9,10.50,219.89996656120592,5479.7,6172.6,31264165.334881812,5952.7000334387952,31226089.224900884,7019.4,303.8,7.8,0,5.3,0.62983183747529392,8.9566666666666704,9.18
1989-01-01,1989-03-31 23:59:59.999,23311075.9,14383733.9,8927341.9999999984,0.63689,94.3,122.200,2133419,27.1,156.57,110.8,3172865.3,11.03,147.8,3506.1,486.4,3979.8,20138210.6,3832.0,2117.1,4531.1,11.50,232.06508869792456,5505.0,6248.8,31619591.536579732,6016.7349113020752,31520999.392080212,7146.4,335.8,8.4,0,5.0,0.63689028293432336,9.2066666666666592,9.66
1989-04-01,1989-06-30 23:59:59.999,23789300.1,14694770.1,9094530.0000000016,0.64538,90.6,124.100,2142122,27.7,158.73,114.2,3258843.3,10.20,155.5,3569.5,493.3,4021.0,20530456.8,3865.5,2148.4,4586.0,11.00,240.9418552598856,5530.9,6230.4,31811230.551285748,5989.4581447401144,31824029.310987556,7108.5,309.5,7.7,0,5.3,0.64538392398561896,8.7733333333333296,8.05
1989-07-01,1989-09-30 23:59:59.999,24415440.3,15089460.3,9325980,0.64906,95.8,124.800,2180726,28.1,162.09,115.9,3338799.3,10.13,160.9,3625.6,505.6,4071.5,21076641.0,3910.6,2183.6,4641.4,10.50,247.89230504727988,5585.9,6272.8,32471952.269384744,6024.90769495272,32613938.1983891,7168.0,301.9,7.4,0,5.3,0.64907218467032272,8.1066666666666688,8.46
1989-10-01,1989-12-31 23:59:59.999,24869361.2,15404737.2,9464624,0.65415,90.5,126.300,2245171,29.3,163.43,118.1,3421464.4,9.74,167.0,3670.1,491.9,4136.3,21447896.8,3969.3,2226.9,4714.5,10.50,255.2944418925126,5610.5,6323.2,32787597.864216808,6067.9055581074872,32713102.018238856,7213.6,318.8,7.7,0,5.4,0.65414663461538472,7.9066666666666704,7.87
1990-01-01,1990-03-31 23:59:59.999,25018344.0,15419475.0,9598869,0.66349,91.3,128.600,2329264,29.3,164.36,118.8,3480468.8,10.27,170.0,3754.5,515.4,4230.7,21537875.2,4060.7,2264.9,4811.3,10.00,256.22355638546812,5658.7,6376.5,32461829.298413972,6120.276443614532,32366364.642438384,7261.4,328.1,7.8,0,5.2,0.66348310201521208,8.4233333333333408,8.69
1990-04-01,1990-06-30 23:59:59.999,25316982.5,15658848.5,9658134,0.66946,88.3,129.900,2368772,29.7,165.02,119.2,3554508.5,10.16,169.7,3800.2,498.4,4294.4,21762473.9,4124.7,2320.9,4887.0,10.00,253.48700400521612,5676.4,6414.7,32507391.329715444,6161.212995994784,32556763.407427128,7305.9,345.3,8.0,0,5.2,0.6694623287137356,8.6766666666666608,8.32
1990-07-01,1990-09-30 23:59:59.999,25156779.0,15430056.0,9726723,0.67787,72.8,132.500,2437551,31.2,166.02,120.9,3627230.9,10.18,169.7,3863.4,493.6,4349.9,21529548.0,4180.2,2366.7,4948.7,10.00,250.3425136210028,5699.3,6417.0,31760525.418055592,6166.6574863789976,31893798.184607656,7284.8,334.5,7.7,0,5.9,0.67787127941405632,8.7033333333333296,8.19
1990-10-01,1990-12-31 23:59:59.999,25684834.5,15951848.5,9732986,0.68676,65.5,134.200,2536545,32.1,165.38,121.5,3689856.4,9.67,165.9,3884.4,480.9,4372.0,21994978.1,4206.1,2384.7,4970.9,10.00,241.57195333943276,5656.2,6366.2,32027545.649638612,6124.628046660568,31918812.527842752,7262.3,333.9,7.6,0,6.3,0.68675190851685464,8.3966666666666704,7.40
1991-01-01,1991-03-31 23:59:59.999,26296995.3,16503335.3,9793660,0.69016,87.7,134.800,2598351,34.7,166.77,121.8,3702033.2,9.50,174.9,3890.2,471.7,4403.0,22594962.1,4228.1,2404.4,4981.5,9.00,253.4202884397002,5636.7,6379.7,32738832.548119464,6126.2797115603,32658416.032942672,7227.5,356.3,8.1,0,6.8,0.69015784441274672,8.0166666666666608,7.30
1991-04-01,1991-06-30 23:59:59.999,26371603.9,16522196.9,9849406.9999999984,0.69382,82.1,136.000,2642863,35.9,167.88,122.2,3772883.8,9.62,179.8,3943.7,475.2,4457.0,22598720.1,4277.2,2446.7,5040.7,8.50,259.14678483284724,5684.0,6423.9,32571666.603183756,6164.753215167152,32634982.04851468,7290.1,355.2,8.0,0,6.9,0.69381528355049112,8.13,7.33
1991-07-01,1991-09-30 23:59:59.999,26686441.4,16795987.4,9890454,0.69851,83.0,137.000,2745729,37.2,168.16,121.9,3824137.9,9.01,182.8,3989.6,484.3,4503.4,22862303.6,4320.6,2480.9,5091.4,8.00,261.7018608162722,5711.6,6447.2,32730346.797957104,6185.4981391837272,32865735.306230772,7307.9,354.7,7.9,0,6.9,0.69850477726765104,7.94,6.28
1991-10-01,1991-12-31 23:59:59.999,27322775.7,17376920.7,9945855,0.70351,68.2,138.200,2833034,38.9,170.55,121.2,3902026.0,8.50,183.2,4017.1,477.5,4574.5,23420749.7,4391.3,2518.9,5170.8,6.50,260.40471308339708,5710.1,6502.3,33290794.791629688,6241.8952869166032,33166233.354726564,7397.1,397.3,8.7,0,7.3,0.70352029281946384,7.3466666666666704,5.11
1992-01-01,1992-03-31 23:59:59.999,27391751.7,17345719.7,10046032,0.70783,76.0,139.100,2917630,36.5,171.86,120.1,3916484.5,8.94,184.8,4117.7,496.2,4701.4,23475267.2,4516.6,2583.8,5287.9,6.50,261.07608797379504,5817.3,6641.9,33164669.506036496,6380.823912026204,33085929.952500228,7492.7,427.1,9.1,0,7.4,0.70783962420391752,7.3033333333333296,6.17
1992-04-01,1992-06-30 23:59:59.999,27538742.2,17444490.2,10094252,0.71252,80.4,140.100,2976774,38.4,171.82,119.1,3965581.2,8.51,187.7,4173.4,501.0,4782.0,23573160.9,4594.3,2625.2,5386.8,6.50,263.43157256378084,5857.2,6711.4,33084255.973287324,6447.96842743622,33158777.644843484,7594.4,451.1,9.4,0,7.8,0.71251899752659656,7.3766666666666688,5.39
1992-07-01,1992-09-30 23:59:59.999,27879000.3,17690698.3,10188302,0.71706,75.6,141.100,3048291,45.7,173.78,117.2,4030045.8,7.92,190.5,4245.4,512.1,4833.5,23848954.5,4643.0,2672.3,5447.3,6.00,265.66739422778524,5920.6,6740.7,33259262.976755972,6475.0326057722152,33380287.04381626,7584.3,425.1,8.8,0,7.6,0.71706202619905944,6.6166666666666696,4.34
1992-10-01,1992-12-31 23:59:59.999,28565605.3,18291700.3,10273905,0.72211,91.0,142.300,3129308,41.4,174.66,115.9,4110665.0,8.22,193.2,4326.2,523.1,4884.2,24454940.2,4691.0,2728.3,5521.1,6.00,267.54968265017812,5991.1,6763.8,33866001.4996847,6496.2503173498224,33746412.511708244,7831.0,400.8,8.2,0,7.4,0.72210887371004464,6.7433333333333296,5.12
1993-01-01,1993-03-31 23:59:59.999,28927799.0,18631452.0,10296347,0.72641,85.9,143.300,3187556,44.3,174.73,116.5,4118865.1,7.50,196.0,4368.5,527.9,4940.8,24808933.9,4744.8,2761.5,5555.4,6.00,269.82132448186524,6013.8,6801.7,34152956.14225024,6531.8786755181344,34086204.336758992,7642.4,411.5,8.3,0,7.0,0.7264066336357088,6.28,4.42
1993-04-01,1993-06-30 23:59:59.999,29266121.9,18858396.9,10407725,0.73131,81.5,144.300,3252285,45.0,176.39,116.4,4189265.4,7.42,200.5,4437.5,547.8,4982.9,25076856.4,4782.4,2803.3,5624.3,6.00,274.16702121254688,6067.8,6813.7,34290508.83073712,6539.5329787874536,34356815.609648108,7681.5,384.0,7.7,0,7.0,0.73130604517369408,5.99,4.39
1993-07-01,1993-09-30 23:59:59.999,29711505.8,19189461.8,10522044,0.73451,77.9,145.000,3294796,46.0,177.81,115.0,4283777.3,6.92,207.0,4506.0,556.6,5007.7,25427728.4,4800.7,2856.9,5664.6,6.00,281.81877908021648,6134.8,6817.7,34618412.427397804,6535.8812209197832,34719695.122506848,7706.3,340.6,6.8,0,6.7,0.73451457236311376,5.6166666666666696,4.24
1993-10-01,1993-12-31 23:59:59.999,30263779.9,19617995.9,10645784,0.73872,88.2,146.300,3382197,47.2,179.28,115.9,4381775.2,7.17,215.4,4572.0,573.8,5069.5,25882004.7,4854.1,2893.0,5742.7,6.00,291.58348949600556,6189.1,6862.5,35036050.350872868,6570.9165105039944,34939444.472959736,7957.9,334.4,6.6,0,6.5,0.73872495446265936,5.6066666666666704,4.58
1994-01-01,1994-03-31 23:59:59.999,30436175.6,19692989.6,10743186,0.74134,91.5,147.100,3434208,48.6,180.43,116.1,4413698.7,7.68,224.9,4640.9,588.8,5123.1,26022476.9,4898.2,2935.2,5794.2,6.25,303.36982295875544,6260.1,6910.6,35101975.1449591,6607.2301770412448,35050367.133712904,7833.1,317.5,6.2,0,6.5,0.74133939165919024,6.0666666666666696,5.66
1994-04-01,1994-06-30 23:59:59.999,30688789.3,19813873.3,10874916,0.74547,91.2,147.900,3442868,49.6,181.53,119.5,4497456.0,8.40,233.0,4702.9,598.7,5206.2,26191333.4,4973.2,2976.1,5901.5,7.25,312.555299450655,6308.6,6983.8,35134077.484330224,6671.2447005493448,35178329.851212144,7913.2,334.3,6.4,0,6.1,0.74546808327844432,7.0833333333333304,6.52
1994-07-01,1994-09-30 23:59:59.999,31139332.0,20143306.0,10996026,0.75079,91.5,149.300,3479652,50.3,182.28,124.8,4589029.5,8.64,239.2,4773.1,609.3,5274.5,26550302.6,5035.3,3014.2,5967.3,7.75,318.59925300976396,6357.5,7025.3,35363321.804110348,6706.7007469902368,35442535.57289178,7974.2,326.3,6.2,0,5.9,0.7507864432835608,7.3333333333333296,6.92
1994-10-01,1994-12-31 23:59:59.999,31503245.8,20410869.8,11092376,0.75432,95.1,150.100,3543118,50.9,182.12,127.4,4710114.0,9.20,243.6,4847.2,631.8,5373.0,26793131.8,5129.4,3052.4,6075.9,8.50,322.93661641541036,6425.9,7122.9,35519225.478916808,6799.9633835845888,35462745.216438352,8078.5,347.5,6.5,0,5.5,0.75432759129006448,7.8366666666666704,7.80
1995-01-01,1995-03-31 23:59:59.999,32105372.5,20925004.5,11180368,0.75794,90.3,151.200,3609459,50.8,183.09,131.5,4739998.7,8.46,246.9,4883.3,621.3,5450.3,27365373.9,5203.4,3095.2,6170.3,9.00,325.74963029558008,6442.9,7190.9,36104740.505570328,6865.15036970442,36059469.667584216,8160.4,384.6,7.1,0,5.4,0.75794406819730496,7.4833333333333296,6.92
1995-04-01,1995-06-30 23:59:59.999,32736312.2,21459581.2,11276731,0.76222,92.7,152.400,3634808,51.3,186.07,141.3,4833679.4,7.57,252.4,4955.0,626.9,5493.5,27902632.8,5241.1,3151.1,6235.7,9.00,331.14089742422864,6500.7,7207.3,36607380.609709656,6876.159102575772,36590350.632267256,8202.4,345.9,6.3,0,5.6,0.7622133115036144,6.62,5.88
1995-07-01,1995-09-30 23:59:59.999,33511363.7,22121530.7,11389833,0.76528,88.9,153.100,3653199,53.0,188.92,145.9,4946126.0,7.64,260.7,5020.5,642.5,5564.8,28565237.7,5304.1,3194.2,6312.5,8.75,340.66024295572168,6560.3,7271.6,37326585.4045644,6930.9397570442792,37458574.183739568,8273.7,345.5,6.2,0,5.6,0.76527861818581872,6.3233333333333296,5.91
1995-10-01,1995-12-31 23:59:59.999,34276422.9,22778713.9,11497709,0.76864,91.0,153.900,3684209,56.5,190.42,151.6,5041747.7,7.20,271.9,5077.9,652.2,5621.6,29234675.2,5349.7,3234.0,6387.3,8.50,353.74665931407424,6606.4,7313.8,38034824.156425216,6960.0533406859264,37987414.582047192,8328.0,335.7,6.0,0,5.6,0.76862916678060656,5.8933333333333296,5.25
1996-01-01,1996-03-31 23:59:59.999,34966943.3,23329720.3,11637222.999999996,0.77295,93.7,155.500,3764019,55.5,192.57,153.7,5103975.5,7.62,285.1,5153.8,659.8,5707.2,29862967.8,5422.1,3282.8,6503.8,8.25,368.84862454443512,6667.7,7383.7,38635266.916326744,7014.851375455564,38580590.978665232,8457.4,344.3,6.0,0,5.5,0.77294581307474576,5.91,5.91
1996-04-01,1996-06-30 23:59:59.999,35488093.1,23748535.1,11739558,0.77805,92.4,156.700,3738633,57.3,192.89,156.7,5205894.7,8.32,297.4,5244.1,676.3,5799.8,30282198.4,5502.4,3328.3,6634.2,8.25,382.2388392703196,6740.1,7454.3,38920754.42827684,7072.0611607296808,38813318.91765048,8576.8,341.7,5.9,0,5.3,0.77804756985900752,6.72,6.30
1996-07-01,1996-09-30 23:59:59.999,35883959.6,24025501.6,11858458,0.78138,94.7,157.700,3777808,58.2,193.77,161.3,5302044.4,8.23,308.3,5298.3,679.4,5871.1,30581915.2,5562.8,3372.4,6709.5,8.25,394.55531501762872,6780.7,7513.7,39138038.227630248,7119.1446849823704,39404287.967947408,8612.2,353.3,6.0,0,5.2,0.78138600157046464,6.78,6.28
1996-10-01,1996-12-31 23:59:59.999,36366398.2,24381293.2,11985105.000000004,0.78667,96.9,159.100,3825994,59.3,195.26,164.6,5404175.3,7.60,317.9,5376.1,689.6,5941.6,30962222.9,5623.7,3418.1,6800.1,8.25,404.11116702571688,6834.0,7552.9,39358855.079677176,7148.7888329742824,39284048.745942328,8675.8,341.7,5.8,0,5.4,0.78666472480768992,6.3433333333333304,6.04
1997-01-01,1997-03-31 23:59:59.999,36823485.5,24652745.5,12170740,0.79014,100.0,159.800,3874106,62.3,196.90,164.9,5447154.2,7.90,326.2,5456.7,705.6,6027.7,31376331.4,5701.5,3470.0,6924.2,8.50,412.84104052955528,6906.1,7628.7,39710108.225555352,7215.8589594704448,39619344.638050192,8800.4,343.8,5.7,0,5.2,0.7901346231992344,6.5633333333333296,6.60
1997-04-01,1997-06-30 23:59:59.999,38357003.8,26047827.8,12309175.999999996,0.79209,104.5,160.200,3804568,63.1,198.55,170.4,5547338.0,7.69,334.2,5495.1,696.6,6094.3,32809665.8,5760.1,3520.6,7004.8,8.50,421.91906863790752,6937.4,7693.9,41421375.334102352,7271.9809313620928,41232037.30452708,8877.1,365.7,6.0,0,5.0,0.79209503632748016,6.6966666666666696,6.25
1997-07-01,1997-09-30 23:59:59.999,39567576.0,27093002.0,12474574,0.79413,106.0,161.200,3816381,64.2,201.29,174.9,5656919.6,7.43,341.9,5603.5,722.8,6182.7,33910656.5,5840.8,3583.0,7118.1,8.50,430.53398191728528,7056.1,7785.5,42701637.825019816,7354.9660180827152,43154942.844572184,8999.2,340.2,5.5,0,4.9,0.79413011367285328,6.2433333333333296,5.88
1997-10-01,1997-12-31 23:59:59.999,40164579.1,27476389.1,12688190,0.79659,102.1,161.800,3846706,65.8,203.89,178.2,5757024.4,7.10,349.3,5687.6,737.2,6290.7,34407554.7,5941.4,3642.2,7252.9,8.50,438.49762824486944,7139.9,7897.1,43193905.32394964,7458.6023717551312,43050761.606392048,9161.5,359.2,5.7,0,4.7,0.79658355598890736,5.9066666666666696,5.68
1998-01-01,1998-03-31 23:59:59.999,42003202.2,29054043.2,12949159.000000004,0.79655,106.5,162.000,3872048,65.9,206.94,176.6,5813400.3,7.13,355.6,5745.9,737.7,6424.4,36189801.9,6068.8,3701.2,7414.6,8.50,446.42623124338464,7213.6,8065.3,45433287.040668392,7618.8737687566144,45320051.239680696,9368.4,435.9,6.8,0,4.7,0.79654817551733968,5.5866666666666704,5.61
1998-04-01,1998-06-30 23:59:59.999,42700135.5,29505844.5,13194291,0.79796,105.6,162.800,3790379,68.1,208.80,184.4,5955899.8,7.00,358.2,5857.8,769.2,6525.7,36744235.8,6167.5,3768.3,7542.1,8.50,448.89584259159928,7341.0,8178.0,46047835.538317728,7729.1041574084,45740073.714750648,9502.2,415.4,6.4,0,4.5,0.79795793592565424,5.5966666666666704,5.49
1998-07-01,1998-09-30 23:59:59.999,41882649.3,28406358.3,13476290.999999996,0.80037,100.9,163.500,3762333,70.4,211.71,186.4,6059526.4,6.72,356.8,5952.8,785.0,6612.1,35823122.9,6255.3,3832.7,7649.4,8.25,445.79899275570536,7437.5,8261.4,44758722.270694632,7815.6010072442928,45399519.952502056,9592.5,402.6,6.1,0,4.6,0.80036071368049008,5.2033333333333296,4.26
1998-10-01,1998-12-31 23:59:59.999,44426916.6,30648156.6,13778760,0.80240,100.5,164.400,3787391,73.7,214.22,186.1,6198182.7,6.72,351.2,6055.5,825.2,6682.8,38228733.9,6331.6,3875.1,7744.8,7.75,437.68617944574128,7546.8,8328.5,47642905.71110164,7890.8138205542592,47443130.437963136,9681.7,367.4,5.5,0,4.4,0.80240139280782848,4.67,4.55
1999-01-01,1999-03-31 23:59:59.999,45208352.6,31181022.6,14027330,0.80447,105.7,164.800,3794549,73.7,216.49,183.1,6280654.3,7.04,343.0,6129.0,819.9,6760.0,38927698.3,6417.0,3924.2,7833.5,7.75,426.3703106508876,7618.7,8403.1,48389547.571705624,7976.7296893491136,48215679.370754824,9758.8,374.3,5.5,0,4.2,0.80446501886208656,4.9833333333333296,5.07
1999-04-01,1999-06-30 23:59:59.999,46577499.5,32289066.5,14288433,0.80876,107.3,166.000,3685167,76.3,219.38,188.4,6427452.9,7.55,340.3,6253.0,854.8,6812.9,40150046.6,6472.6,3980.3,7903.7,7.75,420.76842020285048,7731.5,8423.9,49644054.301947776,8003.1315797971488,49261118.793583896,9804.1,295.3,4.3,0,4.3,0.80875841356141456,5.54,5.59
1999-07-01,1999-09-30 23:59:59.999,46546148.9,31916073.9,14630075,0.81302,107.2,167.800,3667597,77.2,222.49,192.0,6587441.9,7.82,345.1,6357.2,871.2,6894.7,39958707.0,6549.6,4046.3,8010.9,8.25,424.46394041800224,7819.3,8480.3,49148160.61207884,8055.8360595819968,49988960.878760784,9867.2,268.2,3.9,0,4.2,0.81302548258905936,5.8833333333333304,5.70
1999-10-01,1999-12-31 23:59:59.999,49873896.2,34910462.2,14963434,0.81784,105.4,168.800,3715531,77.8,224.79,197.2,6753506.6,7.91,357.2,6488.9,876.3,7037.6,43120389.6,6680.4,4130.3,8187.2,8.50,436.75993520518352,7934.1,8605.1,52724688.03952484,8168.340064794816,52445577.08987368,10090.9,273.7,3.9,0,4.0,0.81784058291013472,6.14,6.29
2000-01-01,2000-03-31 23:59:59.999,51318827.9,35914375.9,15404452,0.82469,107.1,171.000,3687974,82.0,229.08,203.7,6877330.9,8.24,374.3,6642.7,920.9,7236.3,44441497.0,6862.0,4230.0,8441.0,9.00,453.86907397426864,8054.9,8774.6,53888915.547475928,8320.7309260257312,53688553.450937616,10266.4,307.8,4.3,0,4.0,0.82468716522690496,6.4800000000000008,6.44
2000-04-01,2000-06-30 23:59:59.999,51045618.8,35164698.8,15880920,0.82847,106.4,172.200,3495713,82.8,232.82,210.9,7025151.0,8.29,385.5,6737.3,901.9,7344.9,44020467.8,6959.4,4300.5,8571.0,9.50,465.31454478617824,8132.2,8865.6,53134536.798006784,8400.285455213824,52686941.553042056,10372.8,313.9,4.3,0,4.0,0.82847184623714128,6.1766666666666704,6.31
2000-07-01,2000-09-30 23:59:59.999,51904625.0,35483459.0,16421166,0.83363,106.8,173.600,3438416,83.8,237.04,225.0,7210337.5,7.91,388.9,6845.1,911.7,7477.0,44694287.5,7088.1,4376.3,8720.6,9.50,466.51355891400296,8211.3,8969.2,53614016.777450856,8502.6864410859984,54596725.995348016,10476.5,323.0,4.3,0,3.9,0.83363064710342048,5.8933333333333296,5.91
2000-10-01,2000-12-31 23:59:59.999,51188478.5,34263840.5,16924638,0.83825,98.4,174.600,3413541,85.1,240.70,230.5,7348934.5,7.38,384.6,6944.4,915.8,7543.8,43839544.0,7159.2,4451.3,8798.5,9.50,458.81488109440872,8284.4,8999.5,52299103.399878048,8540.6851189055904,52016717.86824968,10506.0,283.9,3.8,0,3.9,0.83824656925384736,5.5666666666666696,5.06
2001-01-01,2001-03-31 23:59:59.999,50315825.4,32950626.4,17365199,0.84386,91.5,176.100,3434386,88.9,246.63,226.8,7395470.5,6.95,372.8,7020.4,926.8,7659.1,42920354.9,7286.3,4521.5,8956.7,8.00,441.7761042420128,8319.4,9076.2,50861553.595511224,8634.4238957579872,50623061.37653088,10651.3,322.9,4.2,0,4.3,0.84386637579603792,5.05,4.33
2001-04-01,2001-06-30 23:59:59.999,51692040.3,33963914.3,17728126,0.84790,92.6,177.700,3274176,90.6,250.76,225.7,7596613.1,7.16,367.0,7072.1,919.5,7689.0,44095427.2,7322.0,4562.4,8993.4,6.75,432.82993887371568,8340.8,9068.2,52004962.015221752,8635.3700611262848,51636637.682210968,10587.8,300.6,3.9,0,4.5,0.84790807436977568,5.2699999999999992,4.52
2001-07-01,2001-09-30 23:59:59.999,50462395.1,32290437.1,18171958,0.84854,81.8,178.100,3338707,92.2,254.65,223.8,7843436.1,6.82,365.6,7103.4,923.9,7876.7,42618959.0,7511.1,4588.5,8986.2,6.00,430.85537852146208,8371.2,9282.6,50225951.072581168,8851.7446214785376,51086692.076580744,10599.4,457.4,5.8,0,5.0,0.84854458880055152,4.9800000000000008,3.22
2001-10-01,2001-12-31 23:59:59.999,52132386.9,33674990.9,18457396,0.84910,88.8,177.400,3393758,92.3,257.81,216.5,7973990.5,7.07,371.2,7216.6,995.9,7784.4,44158396.4,7413.2,4639.1,9012.0,4.75,437.1675864549612,8499.1,9167.8,52005979.460962944,8730.6324135450384,51724434.396338424,10633.0,258.9,3.3,0,5.7,0.84910229280743472,4.7699999999999992,3.59
2002-01-01,2002-03-31 23:59:59.999,52930211.5,34145896.5,18784315,0.85064,95.7,178.500,3443674,95.2,261.53,211.1,8105058.5,7.01,385.4,7251.4,974.9,7988.2,44825153.0,7602.8,4691.8,9053.4,4.75,453.07006835081736,8524.6,9390.8,52695732.053829392,8937.7299316491824,52473979.637618064,10628.8,430.6,5.4,0,5.7,0.850641052945436,5.0766666666666696,4.31
2002-04-01,2002-06-30 23:59:59.999,52082962.4,32882139.4,19200823,0.85719,92.4,179.600,3463544,95.8,265.96,215.8,8295331.5,6.65,397.3,7344.5,979.7,8090.5,43787630.9,7693.2,4756.7,9135.5,4.75,463.49129472838512,8568.1,9438.4,51082773.065516336,8974.9087052716128,50781394.484305288,10677.5,434.4,5.4,0,5.8,0.85718977792846256,5.1,3.37
2002-07-01,2002-09-30 23:59:59.999,51038953.3,31382239.3,19656713.999999996,0.86151,86.1,180.800,3552588,97.7,271.24,215.2,8490681.5,6.09,402.0,7433.1,1003.5,8120.8,42548271.8,7718.8,4813.0,9169.6,4.75,466.62552950448224,8628.0,9426.3,49388332.980536392,8959.6744704955168,50122476.526933968,10643.2,374.8,4.6,0,5.7,0.86150451396624352,4.26,2.02
2002-10-01,2002-12-31 23:59:59.999,52430018.5,32381105.5,20048913,0.86545,86.7,181.800,3647385,99.4,275.10,209.9,8757905.5,6.05,409.8,7507.2,983.3,8197.2,43672113.0,7787.4,4880.4,9239.6,4.25,473.51067193675888,8674.4,9471.6,50461716.865612648,8998.0893280632432,50240415.347294816,10696.3,380.7,4.6,0,6.0,0.86545039908779936,4.0066666666666704,1.99
2003-01-01,2003-03-31 23:59:59.999,52879093.3,32429721.3,20449371.999999996,0.87156,77.6,183.900,3710779,99.0,278.45,202.6,8950122.0,5.75,409.6,7593.5,974.0,8278.1,43928971.3,7868.5,4937.0,9296.0,4.25,469.96059482248344,8712.5,9498.0,50402552.446503424,9028.0394051775168,50149725.610348768,10674.8,382.9,4.6,0,5.9,0.87156243419667296,3.92,1.93
2003-04-01,2003-06-30 23:59:59.999,55055811.4,34198317.4,20857494,0.87231,89.7,183.100,3816279,101.0,281.83,211.1,9327245.5,5.23,411.1,7684.6,1007.8,8405.2,45728565.9,7994.1,5008.3,9419.9,4.00,471.27421715128728,8809.5,9635.5,52422024.071937608,9164.225782848712,52235523.41026848,10855.4,408.5,4.9,0,6.3,0.8723159151055992,3.62,1.66
2003-07-01,2003-09-30 23:59:59.999,56280474.6,34926787.6,21353687,0.87764,87.7,185.100,3924045,100.0,286.14,213.3,9582264.0,6.15,434.6,7845.5,1042.3,8595.1,46698210.6,8160.5,5080.4,9545.8,4.00,495.1904736419588,8939.4,9793.4,53208718.419801984,9298.2095263580416,53870701.444912248,10889.9,436.2,5.1,0,6.1,0.87764208548614368,4.2333333333333296,1.95
2003-10-01,2003-12-31 23:59:59.999,58861276.5,36931987.5,21929289,0.88119,92.6,185.500,4044054,106.7,294.22,212.4,9832718.0,5.88,473.6,7938.5,1046.0,8664.8,49028558.5,8191.2,5150.2,9684.9,4.00,537.45138953005264,9008.8,9833.0,55638654.75608208,9295.5486104699472,55399067.680831184,11023.0,407.2,4.7,0,5.7,0.88119597274483872,4.2866666666666696,2.37
2004-01-01,2004-03-31 23:59:59.999,61259888.2,38600953.2,22658935,0.88791,95.8,187.100,4176667,108.3,298.80,211.2,10029201.4,5.45,513.8,8076.8,1062.3,8794.5,51230686.8,8280.7,5235.3,9802.8,4.00,578.66107908351808,9096.4,9904.7,57697945.710155208,9326.0389209164816,57440868.99557792,11068.8,398.2,4.5,0,5.8,0.88791179944874656,4.0199999999999992,1.99
2004-04-01,2004-06-30 23:59:59.999,62777199.7,39304200.7,23472999,0.89415,95.6,188.900,4218734,110.5,306.06,216.5,10350571.9,6.29,541.4,8186.3,1071.7,8943.5,52426627.8,8402.1,5313.1,9966.8,4.25,605.4950768714708,9155.5,10002.3,58633293.368808624,9396.8049231285296,58523604.866701696,11169.7,430.2,4.8,0,5.6,0.894144346800236,4.6,3.16
2004-07-01,2004-09-30 23:59:59.999,63966984.6,39757006.6,24209978,0.89935,94.2,189.800,4303366,111.7,317.74,225.4,10614991.9,5.75,547.1,8312.7,1084.2,9042.9,53351992.7,8495.8,5402.5,10105.8,4.75,608.3265091950592,9243.0,10054.9,59322667.661837472,9446.5734908049392,59901899.449545528,11256.8,393.2,4.3,0,5.4,0.89935255447592704,4.3033333333333304,2.89
2004-10-01,2004-12-31 23:59:59.999,66955346.3,41948770.3,25006576,0.90645,97.1,191.700,4406352,111.5,324.51,234.0,11004078.4,5.75,646.0,8464.3,1101.1,9228.2,55951268.0,8582.2,5488.2,10317.6,5.25,712.67068334019632,9337.8,10180.6,61725740.556208144,9467.9293166598032,61490138.899538176,11626.1,418.5,4.5,0,5.4,0.90644952163919616,4.1733333333333304,3.25
2005-01-01,2005-03-31 23:59:59.999,68275646.0,42325490.0,25950156,0.91114,92.6,193.100,4572397,119.2,331.97,239.7,11200119.4,5.93,554.5,8573.1,1110.5,9186.6,57075526.6,8632.1,5566.7,10354.3,5.75,608.57621426860864,9409.2,10082.5,62641673.409585696,9473.9237857313904,62394931.91649588,11388.9,254.6,2.8,0,5.2,0.91114306967517984,4.2966666666666704,3.96
2005-04-01,2005-06-30 23:59:59.999,70119055.6,43202035.6,26917019.999999992,0.91720,96.0,193.700,4527630,119.4,342.57,250.0,11525221.4,5.58,569.2,8723.9,1140.6,9320.8,58593834.2,8751.6,5666.5,10513.8,6.25,620.58848596686984,9511.5,10162.3,63883799.81231868,9541.711514033128,63880674.089694024,11504.2,227.5,2.4,0,5.0,0.917193942316208,4.16,3.67
2005-07-01,2005-09-30 23:59:59.999,72099111.4,44347466.4,27751645.000000008,0.92726,76.9,198.800,4601378,119.7,352.88,253.1,11872531.4,5.77,574.5,8888.1,1145.4,9471.5,60226580.0,8897.0,5762.6,10693.3,6.75,619.5671488148656,9585.2,10214.5,64951106.09829488,9594.9328511851344,65364049.9087144,11501.6,210.6,2.2,0,5.0,0.92726026726712032,4.2133333333333304,4.18
2005-10-01,2005-12-31 23:59:59.999,74006588.8,45474800.8,28531788,0.93452,91.5,198.100,4714607,121.7,360.87,252.4,12162410.4,6.27,615.0,8991.3,1112.4,9624.4,61844178.5,9009.4,5859.4,10875.7,7.25,658.08782885166872,9621.3,10298.7,66177075.050699272,9640.6121711483312,65955692.602511968,11707.0,259.0,2.7,0,4.9,0.93452571683804736,4.49,4.37
2006-01-01,2006-03-31 23:59:59.999,76405280.9,47313774.9,29091506.000000008,0.93885,88.9,199.700,4872804,121.8,366.64,263.2,12524963.4,6.32,685.2,9134.3,1153.3,9889.8,63880317.6,9204.6,5942.4,11205.5,7.75,729.83243341624704,9729.2,10534.0,68041342.150336712,9804.167566583752,67922794.0909044,11974.9,370.5,3.7,0,4.7,0.93884564268084288,4.57,4.83
2006-04-01,2006-06-30 23:59:59.999,76630374.0,47391511.0,29238863,0.94609,84.9,201.800,4797450,128.2,370.43,267.8,12865980.4,6.68,715.9,9253.7,1147.0,9981.1,63764393.7,9265.2,6031.4,11325.3,8.25,756.690326717496,9781.0,10549.8,67397541.418907728,9793.109673282504,67411245.454572528,11983.0,331.3,3.3,0,4.6,0.94609376481070736,5.07,5.13
2006-07-01,2006-09-30 23:59:59.999,77510335.7,48156245.7,29354090,0.95286,85.4,202.800,4843208,129.8,373.52,277.2,13194987.4,6.40,732.6,9374.3,1158.0,10081.2,64315348.3,9348.6,6106.8,11435.1,8.25,768.8404892274728,9838.1,10579.9,67496920.354637336,9811.059510772528,67712271.220026288,12053.3,299.9,3.0,0,4.5,0.95286344861482624,4.8966666666666704,4.62
2006-10-01,2006-12-31 23:59:59.999,79800562.5,50306432.5,29494130,0.95122,91.7,203.100,4901208,133.2,377.34,292.3,13461538.4,6.14,761.0,9453.6,1166.1,10195.5,66339024.1,9434.5,6192.2,11590.1,8.25,800.02966014418128,9938.4,10718.4,69741375.696477864,9918.3703398558192,69603755.332503456,12233.2,316.4,3.1,0,4.4,0.95121473354231984,4.63,4.74
2007-01-01,2007-03-31 23:59:59.999,80960713.6,51518939.6,29441773.999999992,0.96008,88.4,205.288,5054278,137.4,378.76,288.1,13645061.4,6.16,779.6,9591.9,1173.4,10358.0,67315652.2,9578.4,6289.7,11815.3,8.25,812.01684881251216,9990.7,10788.7,70114730.342743784,9976.683151187488,70047247.283372672,12347.8,340.6,3.3,0,4.4,0.96007860075820064,4.68,4.54
2007-04-01,2007-06-30 23:59:59.999,81815945.3,52720781.3,29095164,0.96771,85.3,207.234,4943033,139.3,378.55,304.6,13941533.4,6.66,820.3,9700.9,1184.9,10460.5,67874411.9,9640.2,6349.8,11943.2,8.25,847.66816595765008,10024.6,10809.5,70138947.032460216,9961.8318340423504,70196751.192888168,12333.3,315.6,3.0,0,4.6,0.96771358527221424,4.8466666666666704,4.89
2007-07-01,2007-09-30 23:59:59.999,82055795.3,53369330.3,28686465,0.97319,83.4,208.547,5049242,141.4,374.41,318.1,14188655.4,6.38,831.2,9799.2,1190.2,10547.3,67867139.9,9716.1,6424.7,12042.1,7.75,854.10128468897248,10069.2,10837.9,69737020.42439392,9983.7987153110256,69819722.170993056,12397.0,288.6,2.7,0,4.7,0.9731866874579024,4.7300000000000008,4.03
2007-10-01,2007-12-31 23:59:59.999,81149211.1,52973562.1,28175648.999999992,0.98296,75.5,211.445,5136288,143.0,373.37,312.6,14395757.4,6.10,835.1,9910.0,1190.1,10662.2,66753453.7,9827.1,6491.4,12178.9,7.25,849.57416855808368,10081.8,10847.0,67910441.774108528,9997.4258314419152,67819272.558816704,12421.5,296.5,2.8,0,5.0,0.98296303125288112,4.26,3.07
2008-01-01,2008-03-31 23:59:59.999,78930861.3,51560972.3,27369889,0.99139,69.5,213.448,5334048,147.0,370.85,301.0,14528361.4,5.97,865.1,9974.4,1152.3,10831.2,64402500.0,9966.1,6568.1,12360.6,5.25,872.61587174089648,10061.0,10925.3,64962020.205517384,10052.684128259102,64925049.284929592,12494.5,408.8,3.8,0,5.1,0.99138696420235616,3.6633333333333296,1.79
2008-04-01,2008-06-30 23:59:59.999,77360692.3,50930572.3,26430120,1.00177,56.4,217.463,5285025,150.4,361.76,291.8,14453062.4,6.32,827.1,10095.8,1139.8,11175.4,62907629.9,10348.3,6637.0,12512.4,5.00,825.64198775882752,10077.9,11155.7,62796736.302542192,10330.058012241174,62883783.173150368,12466.5,637.5,5.7,0,5.6,1.0017659133895676,3.8866666666666696,2.91
2008-07-01,2008-09-30 23:59:59.999,75325251.5,49514788.5,25810463,1.01197,70.3,218.877,5814240,152.8,350.59,292.2,14581664.4,6.04,797.4,10124.9,1101.9,11029.7,60743587.1,10232.3,6674.6,12472.1,5.00,787.96540975729152,10005.1,10899.2,60024887.759442232,10111.23459024271,60031339.106628304,12340.5,459.9,4.2,0,6.1,1.0119733558426308,3.8633333333333304,2.28
2008-10-01,2008-12-31 23:59:59.999,70779428.8,45998557.8,24780871,0.99746,60.1,211.398,6372651,145.5,347.49,273.5,14279874.4,5.33,732.2,9859.6,1015.1,10941.4,56499554.4,10209.2,6672.1,12373.4,3.25,734.0603798417024,9884.7,10969.2,56643108.9371086,10235.139620158298,56618468.157558848,12383.7,662.7,6.1,0,7.3,0.99746563103963808,3.25333333333333,1.00
2009-01-01,2009-03-31 23:59:59.999,69053701.7,45117594.7,23936107,0.99182,57.3,212.495,6836338,147.0,350.10,271.9,14105746.4,5.00,666.3,9770.2,1012.0,10858.9,54947955.3,10192.6,6633.3,12054.4,3.25,671.79783863927288,9850.8,10948.5,55401347.153215336,10276.702161360728,55292710.90775916,12090.1,669.8,6.2,0,8.7,0.99181623053386304,2.73666666666667,1.15
2009-04-01,2009-06-30 23:59:59.999,69951144.9,46321462.9,23629682.000000008,0.99626,70.8,214.790,7176464,148.7,340.80,277.6,14079929.4,5.42,562.4,9769.8,1004.8,10985.2,55871215.5,10422.8,6621.4,12110.4,3.25,564.50928157885152,9806.4,11026.4,56080760.53136948,10461.89071842115,56226150.585542936,12080.5,789.2,7.2,0,9.5,0.9962635130232896,3.31333333333333,1.64
2009-07-01,2009-09-30 23:59:59.999,71466439.7,47933205.7,23533234,1.00253,73.5,215.861,7554537,149.6,331.83,279.2,14080460.4,5.06,505.5,9890.8,1045.8,10933.0,57385979.3,10427.5,6645.9,12059.5,3.25,504.22388182566536,9865.9,10905.4,57241110.276979784,10401.176118174334,57240753.292657888,12028.2,613.5,5.6,0,9.8,1.002530856273039,3.51666666666667,1.45
2009-10-01,2009-12-31 23:59:59.999,72310506.7,48617541.7,23692965,1.00936,72.5,217.347,7814359,153.1,329.49,267.1,14063165.4,4.93,480.8,9957.1,1030.7,10993.0,58247341.3,10512.2,6693.6,12125.5,3.25,476.33883380332944,9864.8,10891.0,57706885.663449464,10414.66116619667,57712239.009356592,12048.4,615.6,5.6,0,9.9,1.0093655311725278,3.46,1.70
2010-01-01,2010-03-31 23:59:59.999,73195920.0,49483412.0,23712508,1.01279,73.6,217.353,8294251,158.4,325.54,259.2,13922946.4,4.97,504.6,10044.5,1040.2,11041.5,59272973.6,10536.9,6739.7,12187.1,3.25,498.22480641217224,9917.7,10902.0,58524109.784648832,10403.775193587828,58300678.162183048,12043.4,579.4,5.2,0,9.9,1.0127958172812328,3.7166666666666696,1.60
2010-04-01,2010-06-30 23:59:59.999,72227235.1,48506753.1,23720481.999999992,1.01393,76.0,217.199,8639220,155.2,322.72,252.4,13868417.4,4.74,524.1,10137.7,1064.7,11197.6,58358817.7,10673.5,6812.0,12365.6,3.25,516.90144138029576,9998.4,11043.8,57557254.314787096,10526.898558619704,57774746.709667832,12231.9,652.3,5.8,0,9.4,1.0139263659247724,3.4900000000000004,1.00
2010-07-01,2010-09-30 23:59:59.999,73840524.5,50430704.5,23409820,1.01693,68.2,218.275,9027611,156.5,325.87,246.8,13822377.4,4.35,555.2,10233.4,1075.1,11286.7,60018147.1,10731.5,6871.0,12496.1,3.25,545.95707868553256,10063.1,11098.8,59018970.206834592,10552.842921314466,59047245.05249284,12300.6,650.0,5.8,0,9.5,1.0169297581720546,2.78666666666667,0.64
2010-10-01,2010-12-31 23:59:59.999,76244635.0,52905698.0,23338937,1.02233,74.5,220.472,9395411,157.4,323.56,244.7,13782205.4,4.71,594.6,10393.2,1102.8,11425.7,62462429.7,10831.1,6934.8,12668.6,3.25,581.61587648896784,10166.1,11176.2,61098454.08273804,10594.584123511032,61124800.76288956,12462.6,630.5,5.5,0,9.3,1.0223242246917556,2.86333333333333,1.02
2011-01-01,2011-03-31 23:59:59.999,77714619.7,54479177.7,23235442,1.02999,67.5,223.044,9656573,158.3,314.64,243.3,13730123.4,4.84,637.0,10523.5,1115.3,11652.2,63984496.3,11015.2,6989.6,13025.1,3.25,618.45121951219504,10217.1,11312.9,62121334.013514176,10694.448780487804,61756003.011385072,12646.3,727.0,6.2,0,9.0,1.0299923096641888,3.46,1.29
2011-04-01,2011-06-30 23:59:59.999,77926433.3,54736909.3,23189524,1.04041,71.5,224.841,9746879,158.8,309.37,240.5,13645383.4,4.51,661.1,10651.4,1112.3,11751.7,64281050.0,11090.6,7063.4,13142.2,3.25,635.41927721095672,10237.7,11295.2,61784024.095237288,10659.780722789044,62070863.349155864,12669.3,701.0,6.0,0,9.1,1.0404153976910546,3.21,0.81
2011-07-01,2011-09-30 23:59:59.999,75324800.7,52088830.7,23235970,1.04593,59.5,226.676,10132039,158.8,311.93,243.0,13567607.4,4.11,697.5,10754.5,1123.8,11876.6,61757193.3,11179.1,7141.4,13294.8,3.25,666.87286344576728,10282.2,11355.1,59045442.773254128,10688.227136554232,59145234.026033568,12686.1,720.3,6.1,0,9.0,1.0459264999867902,2.42666666666667,0.42
2011-10-01,2011-12-31 23:59:59.999,77250105.0,53879001.0,23371104,1.04954,69.9,227.145,10452503,162.2,313.44,238.7,13574477.4,3.96,733.4,10827.9,1149.8,11924.9,63675627.6,11191.5,7177.0,13345.8,3.25,698.78076965005992,10316.8,11362.0,60669899.184999456,10663.21923034994,60675474.316557768,12778.7,696.2,5.8,0,8.5,1.0495423340961098,2.04666666666667,0.36
2012-01-01,2012-03-31 23:59:59.999,79400670.3,55718623.3,23682047,1.05508,76.2,228.866,10876394,163.0,310.19,242.4,13559561.4,3.95,750.8,10959.7,1177.3,12186.0,65841108.9,11435.2,7250.1,13650.7,3.25,711.6026456589528,10387.6,11549.8,62403712.421895608,10838.197354341048,61974132.976928568,12982.7,821.0,6.7,0,8.2,1.0550832049039812,2.03666666666667,0.51
2012-04-01,2012-06-30 23:59:59.999,79614726.8,55493467.8,24121259,1.05858,73.2,228.626,11048217,163.1,309.16,240.0,13584255.4,3.68,779.1,11030.6,1179.4,12296.6,66030471.4,11517.5,7313.3,13776.1,3.25,735.99055185986384,10420.2,11616.2,62376849.037675464,10880.209448140138,62661114.65706064,13029.5,863.0,7.0,0,8.2,1.0585733716705978,1.82333333333333,0.41
2012-07-01,2012-09-30 23:59:59.999,81787540.7,57194063.7,24593477,1.06202,78.3,231.104,11274396,159.7,313.14,244.0,13557848.4,3.50,792.7,11119.8,1195.4,12323.8,68229692.3,11531.1,7367.9,13828.9,3.25,746.40695808111152,10470.4,11604.1,64245133.190933808,10857.693041918888,64432863.40140544,13068.6,800.3,6.5,0,7.8,1.0620211821683714,1.64333333333333,0.31
2012-10-01,2012-12-31 23:59:59.999,83156654.9,58082989.9,25073665.000000008,1.06673,72.9,231.165,11586560,166.6,315.69,240.0,13645084.4,3.35,1008.1,11222.6,1216.1,12729.7,69511570.5,11721.6,7433.8,14295.1,3.25,945.0388100269448,10520.6,11933.4,65163309.0649976,10988.361189973054,65136293.753294232,13714.8,1100.5,8.6,0,7.9,1.066728677493422,1.7066666666666702,0.36
2013-01-01,2013-03-31 23:59:59.999,85889598.7,60122946.7,25766652,1.06949,78.6,232.245,11922454,166.0,317.36,243.5,13594571.4,3.57,790.4,11351.1,1237.8,12340.4,72295027.3,11550.0,7518.9,13977.2,3.25,739.04488023078672,10613.7,11538.6,67597760.364638104,10799.555119769214,67135136.873657256,13125.8,579.8,4.7,0,7.5,1.0694884994713396,1.95,0.36
2013-04-01,2013-06-30 23:59:59.999,87464051.2,60954527.2,26509524,1.07072,84.1,232.583,11906573,166.2,322.52,243.4,13617836.4,4.07,828.4,11414.3,1245.4,12470.7,73846214.8,11642.3,7593.2,14131.3,3.25,773.68349811959232,10660.4,11647.0,68968611.527468384,10873.316501880408,69235384.221976864,13226.7,646.9,5.2,0,7.5,1.070722074353911,1.99666666666667,0.66
2013-07-01,2013-09-30 23:59:59.999,89943232.0,62806533.0,27136699,1.07517,77.5,233.773,11980978,163.6,328.08,250.8,13734056.4,4.49,848.4,11518.7,1252.4,12585.8,76209175.6,11737.4,7653.4,14247.4,3.25,789.08655468861744,10713.3,11705.9,70881230.327515144,10916.813445311384,71133322.522617016,13292.9,652.8,5.2,0,7.2,1.0751672233659948,2.71,0.63
2013-10-01,2013-12-31 23:59:59.999,92659740.2,64986161.2,27673579,1.07787,82.5,234.697,12355194,166.7,331.56,250.8,13793572.4,4.46,831.0,11653.3,1261.5,12623.7,78866167.8,11792.7,7767.2,14311.7,3.25,770.96435276503728,10811.4,11711.7,73168476.549922768,10940.735647234964,73137699.54020968,13266.9,552.9,4.4,0,6.7,1.0778708471016162,2.74666666666667,0.78
2014-01-01,2014-03-31 23:59:59.999,93864946.6,65746107.6,28118838.999999992,1.08153,80.0,235.790,12619199,168.6,334.29,249.8,13780681.4,4.34,828.0,11728.5,1262.3,12772.9,80084265.2,11944.9,7837.8,14484.7,3.25,765.58673441426768,10844.3,11810.1,74047646.222746592,11044.513265585732,73557404.306679152,13456.8,626.1,4.9,0,6.6,1.0815234417998154,2.76333333333333,0.90
2014-04-01,2014-06-30 23:59:59.999,95430244.7,67072061.7,28358183,1.08780,84.1,237.348,12572021,167.5,341.92,251.3,13940526.8,4.16,857.0,11870.7,1298.4,12945.2,81489717.9,12088.2,7906.2,14660.5,3.25,787.83199950560816,10912.6,11900.4,74912727.41225784,11112.568000494392,75166679.808275552,13497.4,655.6,5.1,0,6.1,1.0877953682229168,2.62333333333333,0.88
2014-07-01,2014-09-30 23:59:59.999,95410006.1,66756576.1,28653429.999999992,1.09113,86.4,237.626,12784809,170.2,346.74,260.9,14061197.8,4.16,871.8,12002.0,1320.2,13050.3,81348808.3,12178.5,7990.4,14792.1,3.25,798.9846624215536,10999.5,11960.3,74554313.074066512,11161.315337578448,74825452.7976272,13583.0,617.2,4.7,0,5.9,1.0911348377549058,2.49666666666667,1.07
2014-10-01,2014-12-31 23:59:59.999,NA,NA,NA,1.08973,NA,236.284,NA,174.7,NA,266.5,NA,3.86,885.9,12112.3,1332.0,13155.1,NA,12269.2,8102.9,14928.9,3.25,812.95438347104912,11114.9,12071.9,NA,11258.94561652895,NA,13768.0,601.7,4.6,0,5.6,1.0897290401676622,2.28,1.10
2015-01-01,2015-03-31 23:59:59.999,NA,NA,NA,NA,NA,NA,NA,NA,NA,NA,NA,NA,NA,NA,NA,NA,NA,NA,NA,NA,3.25,NA,NA,NA,NA,NA,NA,NA,NA,NA,0,5.7,NA,NA,1.05
2015-04-01,2015-06-30 23:59:59.999,NA,NA,NA,NA,NA,NA,NA,NA,NA,NA,NA,NA,NA,NA,NA,NA,NA,NA,NA,NA,NA,NA,NA,NA,NA,NA,NA,NA,NA,NA,0,NA,NA,NA,NA
2015-07-01,2015-09-30 23:59:59.999,NA,NA,NA,NA,NA,NA,NA,NA,NA,NA,NA,NA,NA,NA,NA,NA,NA,NA,NA,NA,NA,NA,NA,NA,NA,NA,NA,NA,NA,NA,0,NA,NA,NA,NA
2015-10-01,2015-12-31 23:59:59.999,NA,NA,NA,NA,NA,NA,NA,NA,NA,NA,NA,NA,NA,NA,NA,NA,NA,NA,NA,NA,NA,NA,NA,NA,NA,NA,NA,NA,NA,NA,0,NA,NA,NA,NA
